game	file:line	entry	class	connective	look_follows	move_kind	flags	example
ascent	src/games/ascent/hint-text.ts:233	touch/last	F	, so	look	state	move-in-premise	This is the last empty square, so it must be ${n}.
ascent	src/games/ascent/hint-text.ts:234	touch/beside	F	, and … , so	look+follows	state	move-in-premise;order: requirement (follows) before indication ("this is the only empty square that does")	${n} must sit next to both ${a} and ${b}, and this is the only empty square that does, so it must be ${n}.
ascent	src/games/ascent/hint-text.ts:237	touch/line	F	, and … , so	look+follows	state	move-in-premise;requirement before indication	${n} must be on its column, and this is its only empty square, so it must be ${n}.
ascent	src/games/ascent/hint-text.ts:238	touch/beside+line	F	. Only … , so	look+follows	state	two-sentences;move-in-premise;requirement before indication	${n} must sit next to ${a}, on its row. Only this square does, so it must be ${n}.
ascent	src/games/ascent/hint-text.ts:251	reach/plain	F	, and only … , so	look+follows	state	move-in-premise;requirement before indication	${n} must be within 2 steps of ${a} and 4 of ${b}, and only this empty square is, so it must be ${n}.
ascent	src/games/ascent/hint-text.ts:252	reach/line	F	. Only … , so	look+follows	state	two-sentences;move-in-premise	${n} must be next to ${a}, on its column. Only this square is, so it must be ${n}.
ascent	src/games/ascent/hint-text.ts:265	deadEnd/placed	F	, so … . With … ,	look+follows	state	two-sentences;chained deduction (dead end -> path ends here -> which end);no connective before the 2nd conclusion	Only the outlined square leads into this one, so the path must end here. With ${other} placed, it must be ${n}.
ascent	src/games/ascent/hint-text.ts:267	deadEnd/reach	F	, so … . … , so	look+follows	state	two-sentences;chained deduction	Only the outlined square leads into this one, so the path must end here. The path's last number can't reach it, so it must be ${n}.
ascent	src/games/ascent/hint-text.ts:268	deadEnd/arrow	F	, so … . … , so	look+follows	state	two-sentences;chained deduction	Only the outlined square leads into this one, so the path must end here. ${other}'s arrow points elsewhere, so it must be ${n}.
ascent	src/games/ascent/hint-text.ts:284	fill/noCounts	F	: (conclusion first)	look	state	conclusion-first (reorderable: "<why>, so only n can fill this square");colon-conclusion inverted;4 premise variants via othersText (none/unnamed/run/one), the "one" variant names the ring again in its reason	Only ${n} can fill this square: no other run comes close.
ascent	src/games/ascent/hint-text.ts:289	fill/counts	F	: … , and	look+follows	state	conclusion-first (reorderable);two count arms (1 or 2 bounds) same shape;wordy-ish double reason	Only ${n} can fill this square: no other run can reach it, and 3 steps from ${m} rules out anything higher.
ascent	src/games/ascent/hint-text.ts:313	onlyRun/single	F	, so	fused	state	byRoute arm ("can step here through empty squares") same shape;move-in-premise	Only ${n}, between 2 and 4, can reach this square, so it must be ${n}.
ascent	src/games/ascent/hint-text.ts:314	onlyRun/run	F	, and of … , so	look+follows	state	move-in-premise;"of its numbers only n can" asserted without reason	Only the run between 2 and 9 can reach this square, and of its numbers only ${n} can, so it must be ${n}.
ascent	src/games/ascent/hint-text.ts:327	route	F	, so	fused	state	the premise ("must step through") is itself an unexplained deduction;move named by "here" ring	The run between 2 and 9 must step through the outlined squares, so ${n} can only go here.
ascent	src/games/ascent/hint-text.ts:340	lines/own	F	. Only … , so	look+follows	state	two-sentences;move-in-premise	${n} must be on its column, within a step of 11's row and 3 steps of 20. Only this square is, so it must be ${n}.
ascent	src/games/ascent/hint-text.ts:341	lines/noArrow	F	, but … . Only … , so	look+follows	state	two-sentences;move-in-premise	${n} has no arrow, but must be within 2 steps of ${a}. Only this square is, so it must be ${n}.
ascent	src/games/ascent/hint-text.ts:357	pointers/onlyArrow	F	, so	look	state		Of the missing numbers, only ${n}'s arrow points here, so it must be ${n}.
ascent	src/games/ascent/hint-text.ts:358	pointers/noArrow	F	, and … , so	look+follows	state		No missing number's arrow points here, and only ${n} has none, so it must be ${n}.
ascent	src/games/ascent/hint-text.ts:371	pointers/listed	F	. … , so	look+follows	state	two-sentences;boundary at the period	Of the missing numbers, only 3, 5 and 7 point here. 3 is too far from 11's row and 5 from 20, so it must be 7.
ascent	src/games/ascent/hint-text.ts:383	pointers/drawn	F	, and … , so	look+follows	state	wordy ("rule out all but n, so it must be n")	Of the missing numbers, only 3, 5 and 7 point here, and the striped lines rule out all but 7, so it must be 7.
ascent	src/games/ascent/hint-text.ts:384	pointers/drawnShort	F	, … , so	look+follows	state	wordy ("all but n, so it must be n")	Of the missing numbers that point here, the striped lines rule out all but ${n}, so it must be ${n}.
ascent	src/games/ascent/hint-text.ts:409	wholeRun/arrowsPlain	F	, so	look+follows	board	boundary "With each number on its arrow's line," / "has only one route"	With each number on its arrow's line, the run between 2 and 9 has only one route, so it must take the one drawn.
ascent	src/games/ascent/hint-text.ts:411	wholeRun/arrowsMust	F	, so … , on	look+follows	board	length-gated (falls through to wholeRun/must)	No other run reaches the striped squares, so the run between 2 and 9 must take them, on the one route its arrows allow.
ascent	src/games/ascent/hint-text.ts:415	wholeRun/must	F	, so … , and only	look+follows	board	"so" concludes an intermediate (take them all); the move follows by a bare "and" with no stated relation to its own narrowing	No other run reaches the striped squares, so the run between 2 and 9 must take them all, and only one route does.
ascent	src/games/ascent/hint-text.ts:417	wholeRun/room	F	, so	fused	board		Only one route for the run between 2 and 9 leaves the run after 12 a way through, so it must take the line.
ascent	src/games/ascent/hint-text.ts:418	wholeRun/plain	F	, so	look	board		The run between 2 and 9 has only one route through the empty squares, so it must go along the line.
loopy	src/games/loopy/hint-text.ts:168	clueFull/zero	F	, so	look	state	edge-count arm (this edge / its edges) same shape	This 0 takes no lines, so its edges can't be lines.
loopy	src/games/loopy/hint-text.ts:171	clueFull/n	F	, so	look	state	edge-count arm same shape	This 3 already has all 3 of its lines, so its other edges can't be lines.
loopy	src/games/loopy/hint-text.ts:177	clueStarved/one	F	, so	look	state		Only one of this 1's edges isn't ruled out, so it must be a line.
loopy	src/games/loopy/hint-text.ts:178	clueStarved/n	F	, so	look	state	edge-count arm same shape	Only 3 of this 3's edges aren't ruled out, so all of them must be lines.
loopy	src/games/loopy/hint-text.ts:189	clueOneShort	F	; 	fused	state	rule-2 soft: semicolon stands in for "so";premise fuses look and follows ("can spare one and must spare it at …")	This 3 can spare one open edge and must spare it at the outlined dot, which already has a line; the rest must be lines.
loopy	src/games/loopy/hint-text.ts:205	clueBlockedPair	F	, so … . 	look+follows	state	two-sentences;move is a separate sentence with no connective ("That edge is out; the other 2 are lines")	Both outlined dots already have a line, so joining them leaves this 2 short. That edge is out; the other 2 are lines.
loopy	src/games/loopy/hint-text.ts:208	deadEnd	F	, so … :	look+follows	state	colon-conclusion;boundary ", so" (look->follows) then ":" (->move)	The outlined dot has no line and no other open edge, so a line here would dead-end: this edge can't be a line.
loopy	src/games/loopy/hint-text.ts:211	lineContinues	F	, so	look	state		The line at the outlined dot has no other way to go on, so this edge must be a line.
loopy	src/games/loopy/hint-text.ts:214	dotFull	F	, so	look	state		The outlined dot already has its two lines, so its other edges can't be lines.
loopy	src/games/loopy/hint-text.ts:222	earlyLoop/strayLines	F	, so	fused	state	move-in-premise (this edge is the subject)	This edge would close the marked lines into a loop that leaves other lines out, so it can't be a line.
loopy	src/games/loopy/hint-text.ts:227	earlyLoop/unmetClues	F	, so	fused	state	move-in-premise	This edge would close the marked lines into a loop with the outlined clue still unmet, so it can't be a line.
loopy	src/games/loopy/hint-text.ts:231	closesLoop	F	, so	fused	state	move-in-premise	This edge closes the marked lines into one loop that meets every clue, so it must be a line.
loopy	src/games/loopy/hint-text.ts:235	boundLine	F	, so	look	state	optional ", counting the marked corner as one" tail	This 3's other edges can give it only 2, counting the marked corner as one, so this edge must be a line.
loopy	src/games/loopy/hint-text.ts:239	boundEmpty	F	, so	look	state	optional counting tail	This 2 already has all 2, counting each marked corner as one, so this edge can't be a line.
loopy	src/games/loopy/hint-text.ts:150	corner/otherLine	F	; … , so	look+follows	state	boundary at ";" (corner fact; dot fact)	The marked corner needs a line; one edge there is ruled out, so the other must be a line.
loopy	src/games/loopy/hint-text.ts:152	corner/bothLines	F	; … , so	look+follows	state	3 bound arms (needs/at most/exactly) same shape	The marked corner takes exactly one line; the outlined dot takes both or neither, so both must be lines.
loopy	src/games/loopy/hint-text.ts:154	corner/otherEmpty	F	; … , so	look+follows	state		The marked corner can take one line at most; one edge there is already a line, so this edge can't be one.
loopy	src/games/loopy/hint-text.ts:156	corner/neither	F	; … , so	look+follows	state		The marked corner can take one line at most; the outlined dot takes both or neither, so neither can be a line.
loopy	src/games/loopy/hint-text.ts:158	corner/exit	F	; … , so	look+follows	state		The marked corner needs a line; the outlined dot has no line yet, so this edge must be its second.
loopy	src/games/loopy/hint-text.ts:248	matchingPair/line	F	, and … , so	look+follows	state	move-in-premise (these two edges ringed in the premise)	The marked pair makes these two edges match, and this 3 can spare one more edge, so both must be lines.
loopy	src/games/loopy/hint-text.ts:249	matchingPair/empty	F	, and … , so	look+follows	state	move-in-premise	The marked pair makes these two edges match, and this 3 has room for one more line, so neither can be one.
loopy	src/games/loopy/hint-text.ts:262	parityFace	F	; … , so	look+follows	state	verdict/opposite arms same shape	This 3 needs 1 more; the marked pair makes two of its open edges give exactly 1, so this edge must be a line.
loopy	src/games/loopy/hint-text.ts:272	parityDot	F	; … , so	look+follows	state	arms same shape	The outlined dot has one line; the marked pair makes two of its open edges give 0 or 2, so this edge can't be a line.
loopy	src/games/loopy/hint-text.ts:280	related	F	, so	fused	state	move-in-premise;opposite/match arm same shape	The marked pair makes this edge the opposite of the marked line, so it can't be a line.
loopy	src/games/loopy/hint-text.ts:288	cornerAtDot/atMostOne	F	, so	look	state	places a note	The outlined dot already has a line, so this corner can take one line at most.
loopy	src/games/loopy/hint-text.ts:289	cornerAtDot/onlyWayOn	F	, so	look	state	move-in-premise;places a note	The line at the outlined dot can only go on through this corner, so it needs a line.
loopy	src/games/loopy/hint-text.ts:300	cornerFromClue/ruledOut	F	, so	look	state	places a note	This 3's other edges are ruled out, so this corner needs a line.
loopy	src/games/loopy/hint-text.ts:301	cornerFromClue/atMost	F	, so	look	state	places a note;counting tail	This 3's other edges can give it 2 at most, counting the marked corner as one, so this corner needs a line.
loopy	src/games/loopy/hint-text.ts:305	cornerFromClue/one	F	, so	look	state	places a note	This 1 takes one line, so this corner can take one at most.
loopy	src/games/loopy/hint-text.ts:306	cornerFromClue/given	F	, so	look	state	places a note;counting tail	This 2's other edges already give it 2, so this corner can take one line at most.
loopy	src/games/loopy/hint-text.ts:310	cornerAcross	F	, so	look	state	places a note	The marked corner across the outlined dot needs a line, so this corner can take one line at most.
loopy	src/games/loopy/hint-text.ts:313	cornerOppositeExit	F	, so	look	state	places a note	The marked corner takes exactly one of the outlined dot's two lines, so this corner needs the other.
loopy	src/games/loopy/hint-text.ts:316	cornerFromPair	F	, so	fused	state	move-in-premise (this corner's edges);places a note	The marked pair makes this corner's edges opposites, so it needs a line.
loopy	src/games/loopy/hint-text.ts:322	pairAtClue	F	, and … , so	look+follows	state	move-in-premise;places a note	Only these two of this 3's edges are still open, and it needs 1 more, so they must be opposites.
loopy	src/games/loopy/hint-text.ts:325	pairAtDot	F	, and … , so	look+follows	state	move-in-premise;places a note	Only these two of the outlined dot's edges are still open, and it has one line, so they must be opposites.
loopy	src/games/loopy/hint-text.ts:328	pairAtCorner	F	, so	look	state	places a note	The marked corner takes exactly one line, so these two edges must be opposites.
loopy	src/games/loopy/hint-text.ts:338	pairAcrossClue	F	, and … , so	look+follows	state	places a note	This 3 needs 2 more from four open edges, and the marked pair gives exactly 1, so these two must be opposites.
loopy	src/games/loopy/hint-text.ts:346	pairAcrossDot	F	; … , so	look+follows	state	places a note	The outlined dot has one line and four open edges; the marked pair gives exactly 1, so these two must be opposites.
loopy	src/games/loopy/hint-text.ts:353	pairChain/mixed	F	, so	fused	state	move-in-premise;places a note	One of these edges matches the edge the marked pairs share and the other is its opposite, so they must be opposites.
loopy	src/games/loopy/hint-text.ts:356	pairChain/bothOpposite	F	, so	fused	state	move-in-premise;places a note	These two edges are each the opposite of the edge the marked pairs share, so they must match.
loopy	src/games/loopy/hint-text.ts:357	pairChain/bothMatch	F	, so	fused	state	move-in-premise;places a note	These two edges each match the edge the marked pairs share, so they must match.
map	src/games/map/hint-text.ts:101	fillAll	E:setup	, so (purpose)	none	action	plain string (Narration.plain at hint.ts:416);"so" is purpose, not therefore;first leg of the Mark-all journey	Start by dotting all four colors into each blank region, so there is something to cross out.
map	src/games/map/hint-text.ts:105	cleanNeighbors	E:setup	Now … :	none	action	continuation leg (continuesPrevious) of fillAll;R:sequence-like ("Now")	Now clear the easy ones: remove from each blank region the dot of every color a neighbor already shows.
map	src/games/map/hint-text.ts:110	touchesTheRest	F	, so	look	state	move-in-premise (this region is the subject)	This region touches red, green and teal, so it must be yellow.
map	src/games/map/hint-text.ts:114	lastDot	F	, so	look	state	wordy (color named twice)	The only dot in this region is red, so it must be red.
map	src/games/map/hint-text.ts:118	deadDots	F	, so	look+follows	state	pronoun before its referent ("Its" precedes "this region")	Its other dots match its neighbors' colors, so this region must be yellow.
map	src/games/map/hint-text.ts:135	pair/place	F	, so … . … , so … and must	look+follows	state	two-sentences;conclusion arm via conclude()	The outlined pair touch and can only be red or teal, so they use both. This region touches both, so it can't be either and must be yellow.
map	src/games/map/hint-text.ts:135	pair/strike	F	, so … . … , so … :	look+follows	state	two-sentences;colon-conclusion ("its red and teal dots must go")	The outlined pair touch and can only be red or teal, so they use both. This region touches both, so it can't be either: its red dot must go.
map	src/games/map/hint-text.ts:135	pair/mark	F	, so … . … , so … : dot	look+follows	action	two-sentences;colon-conclusion;could-leave-to-board	The outlined pair touch and can only be red or teal, so they use both. This region touches both, so it can't be either: dot yellow and green.
map	src/games/map/hint-text.ts:170	chain/walked/place	F	If … , so … . Either way … , and … , so	look+follows	state	two-sentences;case split;walk listed (<=5 links)	If region 1 isn't red, it's teal, so region 2 is red. Either way region 1 or region 2 is red, and this region touches both, so it can't be red and must be X.
map	src/games/map/hint-text.ts:170	chain/walked/strike	F	If … , so … . Either way … , so … :	look+follows	state	two-sentences;case split;colon-conclusion	… Either way region 1 or region 3 is red, and this region touches both, so it can't be red: its red dot must go.
map	src/games/map/hint-text.ts:170	chain/walked/mark	F	If … , so … . Either way … , so … : dot	look+follows	action	two-sentences;case split;colon-conclusion;could-leave-to-board	… Either way region 1 or region 3 is red, and this region touches both, so it can't be red: dot green and teal.
map	src/games/map/hint-text.ts:169	chain/rule/place	F	If … , so … . Either way … , so	look+follows	state	two-sentences;case split;long chain (>5) states the rule instead of the walk	If region 1 isn't red, it's teal, so each numbered region takes the dot the one before it leaves, down to region 7 being red. Either way …, so it can't be red and must be X.
map	src/games/map/hint-text.ts:169	chain/rule/strike	F	If … , so … . Either way … , so … :	look+follows	state	two-sentences;case split;colon-conclusion;wordy	… down to region 7 being red. Either way region 1 or region 7 is red, and this region touches both, so it can't be red: its red dot must go.
map	src/games/map/hint-text.ts:169	chain/rule/mark	F	If … , so … . Either way … , so … : dot	look+follows	action	two-sentences;case split;colon-conclusion;wordy	… Either way region 1 or region 7 is red, and this region touches both, so it can't be red: dot green and teal.
map	src/games/map/hint-text.ts:188	chainAlternates/place	F	. If … , … . Either way … , so	look+follows	state	three-sentences;case split	Every numbered region has a red dot. If region 1 isn't red, region 2 must be, and so on every other region to region 4. Either way …, so it can't be red and must be X.
map	src/games/map/hint-text.ts:188	chainAlternates/strike	F	. If … . Either way … , so … :	look+follows	state	three-sentences;case split;colon-conclusion	… Either way region 1 or region 4 is red, and this region touches both, so it can't be red: its red dot must go.
map	src/games/map/hint-text.ts:188	chainAlternates/mark	F	. If … . Either way … , so … : dot	look+follows	action	three-sentences;case split;colon-conclusion	… Either way region 1 or region 4 is red, and this region touches both, so it can't be red: dot green and teal.
map	src/games/map/hint-text.ts:199	pairDot	F	, so … : dot those	look+follows	action	pronoun before referent ("Its neighbors");colon-conclusion;premise-dot leg of a pair journey (setup-like but narrated)	Its neighbors show red and green, so this region can only be yellow or teal: dot those.
map	src/games/map/hint-text.ts:204	pairTrim	F	, so	look	state	pronoun before referent;move (strike dots) left implicit in "can only be"	Its other dots match its neighbors' colors, so this region can only be yellow or teal.
map	src/games/map/hint-text.ts:218	chainDot	F	, so … : dot those	look+follows	action	colon-conclusion;premise-dot leg of a chain journey	Region 2 of the numbered chain touches red and green, so it can only be yellow or teal: dot those.
map	src/games/map/hint-text.ts:228	chainTrim	F	, so	look	state	move (strike dots) left implicit	Region 2 of the numbered chain has other dots that match its neighbors' colors, so it can only be yellow or teal.
slant	src/games/slant/hint-text.ts:82	continuation/area	E:continuation	, so	fused	state	move-in-premise (decided squares ringed in premise: "forces this square too"); evidence squares named mid-premise	The same clue, with the squares, forces this square too, so it must slant away/toward the clue.
slant	src/games/slant/hint-text.ts:83	continuation/bare	E:continuation	, so	fused	state	move-in-premise	The same clue forces this square too, so it must slant away/toward the clue.
slant	src/games/slant/hint-text.ts:97	clueFill/four	F	, so	fused	state		This 4 clue must be touched by all four diagonals, so this square must slant toward it.
slant	src/games/slant/hint-text.ts:98	clueFill/every	F	, so	fused	state		This ${c} clue needs a line from every square around it, so these squares must slant toward it.
slant	src/games/slant/hint-text.ts:100	clueFill/both	F	, so	look	state	follows implicit ("has" a pair + area = so needs the rest; the count is left out because the has-clause is long)	This ${c} clue has one line from its marked pair and ${n} from the squares, so this square must slant toward it.
slant	src/games/slant/hint-text.ts:101	clueFill/more	F	, so	look+follows	state	boundary " and needs N more"	This ${c} clue has ${n} lines from the squares and needs ${k} more, so these squares must slant toward it.
slant	src/games/slant/hint-text.ts:114	clueEmpty/zeroArea	F	, so	look	state	evidence appended after the move (", like the squares")	This 0 clue is touched by no diagonals, so this square must slant away from it, like the squares.
slant	src/games/slant/hint-text.ts:115	clueEmpty/zero	F	, so	look	state		This 0 clue is touched by no diagonals, so this square must slant away from it.
slant	src/games/slant/hint-text.ts:119	clueEmpty/both	F	, so	look	state	follows implicit (full clue)	This ${c} clue has one line from its marked pair and ${n} from the squares, so this square must slant away.
slant	src/games/slant/hint-text.ts:120	clueEmpty/already	F	, so	look	state	"already" carries the follows (clue is full)	This ${c} clue already has ${n} lines from the squares, so these squares must slant away from it.
slant	src/games/slant/hint-text.ts:124	loop	F	, so	look	state	move-in-premise (ringed square named in look); follows placed after the move ("to avoid a loop")	Diagonals in the squares join two corners of this square, so it must slant the other way to avoid a loop.
slant	src/games/slant/hint-text.ts:127	deadend	F	, so	look	state	move-in-premise; follows placed after the move ("or seal a loop")	The squares leave two corners of this square one way out each, so it must slant the other way or seal a loop.
slant	src/games/slant/hint-text.ts:138	equiv	F	, so	look	state	move-in-premise ("links this square to the square")	The mark links this square to the square, so it must be a backslash/forward slash too.
slant	src/games/slant/hint-text.ts:150	markClue/needs	F	, so	fused	state	move-in-premise (the placed mark rings "these two squares" in the premise); move is placing a same-slant mark, stated as the fact it records	This 1 clue needs one line, from just these two squares, so they must slant the same way.
slant	src/games/slant/hint-text.ts:151	markClue/has	F	, so	look+follows	state	boundary " and needs one (more)"; move-in-premise; mark placement as state	This ${c} clue has ${got} and needs one more from these two, so they must slant the same way.
slant	src/games/slant/hint-text.ts:159	markV	F	, so	fused	state	move-in-premise; premise is follows-first ("can't both X") with its look nested in vClause fragments (one/three/placed/across/vBoth, lines 166-206, 269-272), the across fragment carrying its own "as …" reason; one or two clauses (", or both"); wordy at the across arm	These two can't both touch the 1 above, or both slant away from the 3 below, so they must slant the same way.
slant	src/games/slant/hint-text.ts:235	vLine	F	, so	look	state	follows implicit (the help's "Lines of 2s" pattern); capWords has 3 arms (two 1s/3s; two diagonals meeting/missing; a 1 and a diagonal) — fragments	This 2 and its pair line up between two 1s, so these two must slant the same way.
slant	src/games/slant/hint-text.ts:265	vAcross	F	, so	look+follows	state	boundary at "gives it"; far-side fragment has 2 arms, bounds 2 arms; wordy	The pair across this 2 gives it one line and, with a 1 beyond, no more, so these two must slant the same way.
magnets	src/games/magnets/hint-text.ts:278	magnetHere	F	, so	look+follows	state	follows-before-look ("can't go here" then "beside another +"/"as its row already has all its +s"); move-in-premise ("here" ringed)	This magnet's + can't go here, beside another +, so this end must be −.
magnets	src/games/magnets/hint-text.ts:288	magnetThere	F	, so	look+follows	state	follows-before-look; "it must go here" is a necessity naming the ring	This magnet's + can't go at the other end, whose row already has all its +s, so it must go here.
magnets	src/games/magnets/hint-text.ts:296	bothEndsTouch	F	, so … :	look	state	colon-conclusion; wordy ("can't be a magnet: it must be neutral" concludes twice); move-in-premise	Both ends of this tile touch a +, so it can't be a magnet: it must be neutral.
magnets	src/games/magnets/hint-text.ts:301	alongFull	F	, so … :	look	state	colon-conclusion; wordy (double conclusion); move-in-premise; optional ", counting marked magnets"	This tile lies along a row with all its +s, so it can't be a magnet: it must be neutral.
magnets	src/games/magnets/hint-text.ts:312	bothInFull/counting	F	, so	look	state	move-in-premise; shorter than its sibling arm (no "can't be a magnet:")	Both ends of this tile are in rows with all their +s, counting marked magnets, so it must be neutral.
magnets	src/games/magnets/hint-text.ts:313	bothInFull/plain	F	, so … :	look	state	colon-conclusion; wordy (double conclusion); move-in-premise	Both ends of this tile are in rows with all their +s, so it can't be a magnet: it must be neutral.
magnets	src/games/magnets/hint-text.ts:331	neitherEnd	F	: … , so	look+follows	state	follows-before-look ("No + fits in this tile:" then why); move-in-premise; `what` has 3 fragment arms	No + fits in this tile: it would touch a + at one end and exceed its row's clue at the other, so it must be neutral.
magnets	src/games/magnets/hint-text.ts:351	oneEndNeither	F	. It must	look+follows	state	follows-before-look; two-sentences; no therefore-connective before the move (rule 2: relation implicit); `why` has 4 fragment arms	One end of this tile can't be + or −: it touches both a + and a −. It must be neutral.
magnets	src/games/magnets/hint-text.ts:356	polesEverywhere	F	, so	fused	state		This row's clues need a + or − in every one of its empty squares, so each tile there must be a magnet.
magnets	src/games/magnets/hint-text.ts:361	oneNeutralLeft	F	, so	look	state	follows implicit (a neutral tile along the line would take two neutral squares)	This row has room for just one more neutral square, so these tiles lying along it must be magnets.
magnets	src/games/magnets/hint-text.ts:366	everyDominoNeeded/one	F	, so	look+follows	state	boundary " and has only"; move-in-premise ("this undecided tile")	This row needs one more + and has only this undecided tile, so it must be a magnet.
magnets	src/games/magnets/hint-text.ts:367	everyDominoNeeded/many	F	, so	look+follows	state	boundary " and has only"	This row needs 3 more +s and has only 3 undecided tiles, so each must be a magnet.
magnets	src/games/magnets/hint-text.ts:381	lineExact/one	F	, so	look+follows	state	move-in-premise ("only this square can still take one"); optional "; a + anywhere else would …" clause (anywhereElse, 4 placement arms × wouldDo 4 kinds) — wordy at full length	This row needs one more + and only this square can still take one; a + anywhere else would touch a +, so it must be +.
magnets	src/games/magnets/hint-text.ts:382	lineExact/many	F	, so	look+follows	state	move-in-premise; optional anywhereElse clause; wordy	This row needs 2 more +s and only these 2 squares can still take one; a + anywhere else would …, so they must be +s.
magnets	src/games/magnets/hint-text.ts:388	noPolesLeft	F	, so	fused	state		This row's clue leaves no room for another + or −, so all its empty squares must be neutral.
magnets	src/games/magnets/hint-text.ts:399	neutralExact/one	F	, so	look+follows	state	move-in-premise ("only this one isn't in a marked magnet")	This row needs one more neutral square and only this one isn't in a marked magnet, so it must be neutral.
magnets	src/games/magnets/hint-text.ts:400	neutralExact/many	F	, so	look+follows	state	move-in-premise	This row needs 2 more neutral squares and only these 2 aren't in marked magnets, so they must be neutral.
magnets	src/games/magnets/hint-text.ts:405	oddGap	F	:	look	state	colon-conclusion; follows implicit (only the odd-length gap can supply the extra pole)	This row's empty squares take alternating poles, one more + than −: this odd-length gap must start with +.
magnets	src/games/magnets/hint-text.ts:430	onlyEndLeft/one-crosses	F	, so	look+follows	state	head line 430 + tail 437; move-in-premise ("only this tile"); optional anywhereElse clause	This row needs one more + and only this tile can still give it, so this square must be +.
magnets	src/games/magnets/hint-text.ts:433	onlyEndLeft/many-crosses	F	, so	look+follows	state	head 433 + tail 438; optional anywhereElse clause; wordy	This row needs 2 more +s and just 2 tiles can still give one; a + anywhere else would …, so these 2 squares must be +s.
magnets	src/games/magnets/hint-text.ts:432	onlyEndLeft/perMagnet-crosses	F	, so	look+follows	state	head 432 + tail 437/438; "one per magnet" says why tiles are counted; wordy	This row needs 2 more +s, one per magnet, and just 2 tiles can give one, so these 2 squares must be +s.
magnets	src/games/magnets/hint-text.ts:439	onlyEndLeft/along	E:multi	. … , so	look+follows	state	two-sentences: line count picks the tile, then the far end is ruled out to pick the end; any of the 3 heads; optional anywhereElse clause	This row needs one more + and only this tile can still give it. A + at its far end would touch a +, so it must go here.
abcd	src/games/abcd/hint-text.ts:73	populate	E:setup	, so	none	action	engine-owned text (populateText); move first, purpose after ("so there is something to cross out")	Start by penciling every candidate letter into each empty cell, so there is something to cross out.
abcd	src/games/abcd/hint-text.ts:78	clean	E:setup	Now … :	none	action	colon; diag/orthogonal arms differ only in the noun phrase	Now clear the easy ones: cross out any letter already in a cell touching the cell, even at a corner.
abcd	src/games/abcd/hint-text.ts:95	note/every	F	, so	look	action	note step (setup-like, written because a deduction rests on it)	No letter stands next to this cell yet, so pencil in every one.
abcd	src/games/abcd/hint-text.ts:97	note/only	F	, so	look	action	note step; diag/orthogonal `around` arms	Only A and C aren't already beside, above or below this cell, so pencil them in.
abcd	src/games/abcd/hint-text.ts:101	naked	F	, so	look	state	engine-owned text (narrateLatinReason single); move-in-premise ("in this cell")	Every other letter has been ruled out in this cell, so it can only be A.
abcd	src/games/abcd/hint-text.ts:105	regionsFull	F	, so	look	state	move-in-premise	Every other letter is already touching this cell, even at a corner, so it can only be A.
abcd	src/games/abcd/hint-text.ts:110	cull	P	, so (engine)	fused	strike	ending uses struck noun "those As"	The A just placed rules out A in every cell beside, above or below it, so we must cross out those As.
abcd	src/games/abcd/hint-text.ts:129	satisfied/zero	P	, so (engine)	fused	strike	"must hold" is follows voiced as the clue	This row must hold no A, so we must cross out the As in it.
abcd	src/games/abcd/hint-text.ts:131	satisfied/one	P	, so (engine)	look	strike		This row already holds its one A, so we must cross out the other A(s) in it.
abcd	src/games/abcd/hint-text.ts:133	satisfied/two	P	, so (engine)	look	strike		This row already holds both its As, so we must cross out the other As in it.
abcd	src/games/abcd/hint-text.ts:134	satisfied/n	P	, so (engine)	look	strike		This row already holds all 3 of its As, so we must cross out the other As in it.
abcd	src/games/abcd/hint-text.ts:154	onlyHomes/one	F	, so	look+follows	state	boundary " and no other cell"	This row needs one more A and no other cell in it can take one, so this cell must be A.
abcd	src/games/abcd/hint-text.ts:155	onlyHomes/many	F	, so	look+follows	state	boundary " and only the cells"	This row needs 2 As and only the cells can take one, so this cell must be A.
abcd	src/games/abcd/hint-text.ts:170	packed	F	, so … :	look+follows	state	colon-conclusion; two-step follows ("fit only N apart" → "each stretch is full" → move)	This row needs 2 As, and the cells fit only 2 apart, so each stretch is full: this cell must be A.
abcd	src/games/abcd/hint-text.ts:175	alsoForced	E:continuation	So … , for	look	state	move first, reason as a back-reference after it	So this cell must be A too, for the same row.
unequal	src/games/unequal/hint-text.ts:55	greater/extreme	P	, so (engine)	fused	strike	struck cell not named (sign outlines both cells)	The larger side of a greater-than sign can't hold the smallest number, so we must cross out the 1.
unequal	src/games/unequal/hint-text.ts:56	greater/bound	P	, so (engine)	look+follows	strike	boundary ", and this one is larger"; move-in-premise ("this one" ringed)	The cell across this greater-than sign is at least 3, and this one is larger, so we must cross out 1, 2 and 3.
unequal	src/games/unequal/hint-text.ts:62	lesser/extreme	P	, so (engine)	fused	strike	struck cell not named	The smaller side of a greater-than sign can't hold the largest number, so we must cross out the 5.
unequal	src/games/unequal/hint-text.ts:63	lesser/bound	P	, so (engine)	look+follows	strike	boundary ", and this one is smaller"; move-in-premise	The cell across this greater-than sign is at most 3, and this one is smaller, so we must cross out 3, 4 and 5.
unequal	src/games/unequal/hint-text.ts:70	adjacent/bar	P	, so (engine)	look+follows	strike	boundary ", and they must differ"; move-in-premise ("this cell")	A bar joins this cell to the 3 beside it, and they must differ by exactly 1, so we must cross out 1 and 5.
unequal	src/games/unequal/hint-text.ts:71	adjacent/noBar	P	, so (engine)	look+follows	strike	boundary ", and they can't differ by 1"; move-in-premise	No bar joins this cell to the 3 beside it, and they can't differ by 1, so we must cross out 2 and 4.
unequal	src/games/unequal/hint-text.ts:78	adjacentSet/bar	P	, so (engine)	fused	strike	named:true ending ("cross them out"); move-in-premise	A bar joins this cell to a neighbor with nothing open one away from 1 or 5, so we must cross them out.
unequal	src/games/unequal/hint-text.ts:79	adjacentSet/noBar	P	, so (engine)	fused	strike	named:true ending; move-in-premise	No bar joins this cell to a neighbor whose every open number clashes with 2 and 3, so we must cross them out.
unequal+keen (engine)	src/engine/hint-text.ts:300	latin/single	F	, so	look	state	engine-owned, spoken by unequal and keen (and abcd's naked row); move-in-premise	Every other number has been ruled out in this cell, so it can only be 3.
unequal+keen (engine)	src/engine/hint-text.ts:302	latin/regionsFull	F	, so	look	state	engine-owned; move-in-premise	This cell's row and column already hold every other number, so it can only be 3.
unequal+keen (engine)	src/engine/hint-text.ts:311	latin/hiddenSingle	F	, since … , so	look+follows	state	engine-owned; follows-before-look ("3 can go in only this cell, since …"); "so it must be 3" restates the premise (wordy)	In this row, 3 can go in only this cell, since every other cell in the row rules it out, so it must be 3.
unequal+keen (engine)	src/engine/hint-text.ts:365	latin/dup	P	, so (engine)	fused	strike	engine-owned (placedRulesOut); where "from the other cells there"	The 3 just placed can't repeat in its row and column, so we must cross out 3 from the other cells there.
unequal+keen (engine)	src/engine/hint-text.ts:339	latin/set	P	, so (engine)	look	strike	engine-owned; follows implicit (naked set)	The cells already account for 1 and 2 between them, so we must cross out 1 and 2.
unequal+keen (engine)	src/engine/hint-text.ts:431	latin/forcing	P	, so (engine)	look+follows	strike	engine-owned; two-sentences + case split (several sentences ending "Either way, 3 is ruled out here"); wordy (ruled out here, so cross it out)	Cell 1 is 3 or 5, and every numbered cell has just two numbers left, so each forces the next. If … Either way, 3 is ruled out here, so …
unequal+keen (engine)	src/engine/hint-text.ts:121	setup/populate	E:setup	, so	none	action	engine-owned (row/column preset)	Start by penciling every candidate number into each empty cell, so there is something to cross out.
unequal+keen (engine)	src/engine/hint-text.ts:140	setup/clean	E:setup	Now … :	none	action	engine-owned	Now clear the easy ones: cross out any number already standing in each cell's row or column.
unequal+keen (engine)	src/engine/hint-text.ts:162	setup/note-every	F	, so	look	action	engine-owned note step	Nothing in this cell's row or column rules out a number yet, so pencil in every one.
unequal+keen (engine)	src/engine/hint-text.ts:165	setup/note-only	F	, so	look	action	engine-owned note step	Only 2 and 4 aren't already standing in this cell's row or column, so pencil them in.
keen	src/games/keen/hint-text.ts:51	cage	P	, so (engine)	fused	strike	named:true ending ("cross it/them out"); move-in-premise ("in this cell"); cageGoal has 5 verb arms (fragment)	No way to make this cage sum to 15 puts 1 or 2 in this cell, so we must cross them out.
keen	src/games/keen/hint-text.ts:62	cageLine	P	, so (engine)	look+follows	strike	boundary ", and every way to fill it"	This cage must multiply to 72, and every way to fill it places a 3 in its row, so we must cross out 3 from …
flood	src/games/flood/hint-text.ts:20	fill/bare	E:bare	none	none	action	nothing joined: no stated reason at all (solver's next fill)	Fill with red.
flood	src/games/flood/hint-text.ts:21	fill/join	R:goal	to (purpose clause after the move)	none	action	move-first; the gain is a purpose clause after the action (could read as look "these squares join" + move); no claim that this fill is the best one (solver-optimal, unstated)	Fill with red to join the dotted squares to your region.
boats	src/games/boats/hint-text.ts:112	givenClue/single	F	, so	fused	state		This given segment is a whole one-square boat, so the squares beside it must be water.
boats	src/games/boats/hint-text.ts:114	givenClue/waterOnly	F	, so … ;	look+follows	state	two conclusions: general "nothing can sit above it" then the ringed square; wordy; boundary ", so" (follows) then "; " (move)	This segment is a boat's top end, so nothing can sit above it; that square must be water.
boats	src/games/boats/hint-text.ts:116	givenClue/shipOnly	F	, so	fused	state	trailing ", with the water around it" consequence clause (follows(m), L70)	This segment is a boat's top end, so its boat must continue into the square below it, with the water around it.
boats	src/games/boats/hint-text.ts:117	givenClue/both	F	, so … , and	fused	state	two moves (water behind + boat ahead) joined by ", and"; wordy	This segment is a boat's top end, so the square above it must be water, and its boat must continue below it, with ….
boats	src/games/boats/hint-text.ts:121	neverTouch	F	, so	fused	state	rule-as-premise (a game rule, not a board observation); the look (this segment) sits inside the move clause	Boats never touch, not even at a corner, so the squares diagonally beside this segment must be water.
boats	src/games/boats/hint-text.ts:129	lineSatisfied/zero	F	, so	look	state	two sub-arms ("hidden number can only be" / "number is")	This row's number is 0, so every square in it must be water.
boats	src/games/boats/hint-text.ts:131	lineSatisfied/deduced	F	, and … , so	look+follows	state	boundary ", and"	This row's hidden number can only be N, and it already has that many boat squares, so the rest must be water.
boats	src/games/boats/hint-text.ts:132	lineSatisfied/plain	F	, so	look	state		This row already has the N boat squares its number allows, so every remaining square in it must be water.
boats	src/games/boats/hint-text.ts:140	lineForced/one/deduced	F	, so	look	state	implicit-step: premise names only the hidden number, not that one square is short (rule-2 gap)	This row's hidden number can only be N, so its one free square must hold a boat segment, with ….
boats	src/games/boats/hint-text.ts:141	lineForced/one/plain	F	, so	look	state		This row still needs one more boat square and has just one free square left, so that square must hold a boat segment….
boats	src/games/boats/hint-text.ts:143	lineForced/many/deduced	F	, so	look	state	implicit-step: as lineForced/one/deduced (rule-2 gap)	This row's hidden number can only be N, so all K of its free squares must hold boat segments, with ….
boats	src/games/boats/hint-text.ts:144	lineForced/many/plain	F	, so	look	state		This row still needs K more boat squares and has only K free squares left, so each must hold a boat segment….
boats	src/games/boats/hint-text.ts:148	allWaterPlaced	F	, so	fused	state	"water the puzzle has room for" is a count the board does not show	Every square of water the puzzle has room for is already marked, so every square still free must hold a boat segment….
boats	src/games/boats/hint-text.ts:160	centerForced/vertical	F	, so … , through	look+follows	state	boundary ", so" (follows: its boat must run up and down) then ", through" (move); water arm varies (outlined water / board's edge)	This middle segment has water beside it, so its boat must run up and down, through the squares above and below….
boats	src/games/boats/hint-text.ts:161	centerForced/horizontal	F	, so … , through	look+follows	state	as vertical	This middle segment has water above or below, so its boat must lie across, through the squares either side….
boats	src/games/boats/hint-text.ts:165	isolated	F	, and … , so	look+follows	state	move-in-premise (this square ringed in the look)	Every 1-boat is already placed, and water or the board's edge surrounds this square, so it must be water.
boats	src/games/boats/hint-text.ts:168	mustExtend	F	, and … , so	look+follows	state		Every 1-boat is placed, and water or the edge closes three sides of this segment, so its boat must use the fourth….
boats	src/games/boats/hint-text.ts:181	centerCount/deduced	F	, so	fused	state	implicit-step: "so the boat runs the other way" unstated (rule-2 gap)	This row's hidden number, N, leaves no room for a boat running across through this middle segment, so the square to its right must be water.
boats	src/games/boats/hint-text.ts:182	centerCount/plain	F	, so	fused	state	implicit-step as above (rule-2 gap)	This row has no room for a boat running across through this middle segment, so the square below must be water.
boats	src/games/boats/hint-text.ts:191	growTooLong/allFound	F	, so	look	state	move-in-premise-ish: ", beside the segment," interposed in the move clause	Every boat in the fleet has been found, so this square, beside the segment, must be water.
boats	src/games/boats/hint-text.ts:192	growTooLong/joins	F	; … , so	look+follows	state	hypothetical premise; move-in-premise; boundary "; "	Filling this square joins the segment into a boat of N; the largest still missing is M, so it must be water.
boats	src/games/boats/hint-text.ts:196	mustGrow	F	, so … ;	look+follows	state	boundary ", so" (follows: can't stop at N) then "; it must" (move)	Every N-boat is already placed, so this unfinished boat can't stop at N; it must continue into this square….
boats	src/games/boats/hint-text.ts:199	runTooShort	F	, but … , so	look+follows	state	hypothetical premise	Filling this run would make a boat of N, but every N-boat is already placed, so the free squares must be water.
boats	src/games/boats/hint-text.ts:209	onlyRunsLeft/one	F	, so … , and	look+follows	state	follows "it must go there"; move phrased as "covered wherever it sits" (overlap); optional ", with water either side" + follows; wordy	Only one run can still hold the N-boat, so it must go there, and these squares are covered wherever it sits….
boats	src/games/boats/hint-text.ts:210	onlyRunsLeft/many	F	, so … , and	look+follows	state	as /one; wordy	Only K runs can still hold the K remaining N-boats, so every one is used, and these squares are covered either way….
boats	src/games/boats/hint-text.ts:215	sharedDiagonal	F	, so … ; either way,	look+follows	state	case split: follows is "one of these must be a boat segment", move by "either way"; with a deduced line, lineIntro (L64) prepends a sentence: two-sentences	This row can take only K more water squares, so one of these must be a boat segment; either way, the squares above and below the middle one must be water.
boats	src/games/boats/hint-text.ts:229	refuted/center	F	If … , … , so	look+follows	state	refutation: hypothesis + breach clause (7 arms of breachClause, L80-94)	If the boat through this middle segment ran across, two boats would end up touching (corner to corner), so the square below it must be water.
boats	src/games/boats/hint-text.ts:234	refuted/trialShip	F	If … , … , so	look+follows	state	move-in-premise (this square is the hypothesis); breach clause 7 arms	If this square held a boat segment, it would make a boat the fleet has no room for, so it must be water.
boats	src/games/boats/hint-text.ts:235	refuted/trialWater	F	If … , … , so	look+follows	state	move-in-premise; breach clause 7 arms	If this square were water, the striped row could no longer reach its N, so it must hold a boat segment….
mines	src/games/mines/hint-text.ts:125	conclude.plain	F	, so	none	state	game-local joiner (premise from the P rows below + ", so the ringed square(s) must be safe / a mine / all be mines"): parts form already	<Premise>, so the ringed squares must be safe.
mines	src/games/mines/hint-text.ts:130	conclude.flags	F	, so	none	state	game-local joiner for an unflag leg	<Premise>, so the flags on the ringed squares must come off.
mines	src/games/mines/hint-text.ts:134	conclude.afterFlags	E:continuation	With … , … :	look	state	the open leg after an unflag leg; colon-conclusion: state then action ("open them"); could-leave-to-board	With those flags off, the ringed squares must be safe: open them.
mines	src/games/mines/hint-text.ts:141	say.firstClick	F	, so … :	fused	state	rule-as-premise; look (this square) inside the move; colon-conclusion (state then action "open it to begin")	No mine is ever laid in the first square you open or beside it, so this square can't hold one: open it to begin.
mines	src/games/mines/hint-text.ts:146	say.restart	F	, so … :	look	state	move-in-premise; colon-conclusion (": open it")	The board began at the square, drawn with a cross, so it can't hold a mine: open it.
mines	src/games/mines/hint-text.ts:153	say.satisfied/zero	P	(conclude.plain) , so	look	state	premise finished by the game's own conclude.plain, not candidate-plan	the outlined 0 has no mine around it
mines	src/games/mines/hint-text.ts:154	say.satisfied/some	P	(conclude.plain) , so	look	state	mine-count word has 3 arms	the outlined 2 already touches both its mines (outlined)
mines	src/games/mines/hint-text.ts:163	say.full/hasMines	P	(conclude.plain) , so	look	state		the outlined 3 still needs 2 mines and has just 2 unopened squares left around it
mines	src/games/mines/hint-text.ts:164	say.full/none	P	(conclude.plain) , so	look	state		the outlined 2 has exactly 2 unopened squares around it
mines	src/games/mines/hint-text.ts:267	sayPair.split	P	(conclude.plain) , so	look	state	implicit arithmetic (heavy's remainder must go in its own squares) left to the reader; side words via numberSide/regionSide	the outlined 3 needs 3 mines, but the outlined 1 allows at most 1 in the striped squares
mines	src/games/mines/hint-text.ts:274	sayPair.splitThen	P	(conclude.plain) , so	fused	state	continuation-leg premise ("that puts…") after split's mines leg; refers back by "that"	that puts the outlined 1's mine in the striped squares
mines	src/games/mines/hint-text.ts:286	sayPair.splitSafeOnly	P	(conclude.plain) , so	look+follows	state	boundary ", which leaves"	the outlined 3 needs 3 mines, which leaves the outlined 1's mine in the striped squares
mines	src/games/mines/hint-text.ts:293	sayPair.same	P	(conclude.plain) , so	look	state		the outlined 1's striped squares all touch the outlined 2 too, and both need 1 mine
mines	src/games/mines/hint-text.ts:300	sayPair.more	P	(conclude.plain) , so	look	state		the outlined 3 needs 3 mines, and at most 1 can be among the outlined 1's striped squares
mines	src/games/mines/hint-text.ts:321	sayRegion/striped	P	(prefix sentence) .	look+follows	none	a whole sentence prepended to a pair/count premise via after() (L325): two-sentences; boundary ", whose"	The outlined 1's unopened squares all touch the outlined 3, whose others (striped) hold exactly 2 mines.
mines	src/games/mines/hint-text.ts:322	sayRegion/plain	P	(prefix sentence) .	look+follows	none	as /striped, others not striped; two-sentences	The outlined 1's unopened squares all touch the outlined 3, whose others hold exactly 2 mines.
mines	src/games/mines/hint-text.ts:334	sayCount.allFound	P	(conclude.plain) , so	look	state		all 10 mines are found
mines	src/games/mines/hint-text.ts:340	sayCount.allMines	P	(conclude.plain) , so	look	state		3 mines are left and just 3 unopened squares
mines	src/games/mines/hint-text.ts:352	sayCount.outsideSafe	P	(conclude.plain) , so	look	state	wordy (", which none of them share" arm)	2 mines are left, and the outlined numbers need all 2 in the striped squares, which none of them share
mines	src/games/mines/hint-text.ts:365	sayCount.outsideMines	P	(conclude.plain) , so	look	state	implicit arithmetic (left - need = squares outside)	3 mines are left, and the outlined numbers need just 1 in the striped squares, which none of them share
subsets	src/games/subsets/hint-text.ts:80	leg/arrowKnown/first	F	, so … .	look	state	two-sentences: state ("L must be here too") then action ("Mark L present."); action restates the state: wordy; could-leave-to-board	The outlined cell's set lies inside this cell's and has L marked, so L must be here too. Mark L present.
subsets	src/games/subsets/hint-text.ts:81	leg/arrowKnown/cont	F	Still filling … : … , so	look	action	continuation leg with its own premise, framed "Still filling X:" (sequence frame)	Still filling this cell: the outlined cell's L is marked too, so mark L present here.
subsets	src/games/subsets/hint-text.ts:85	leg/arrowMask/first	F	, which … , so … .	look+follows	state	two-sentences: state then action ("Clear L."); wordy; could-leave-to-board; boundary ", which has no L"	This cell's set lies inside the outlined cell's, which has no L, so L can't be here either. Clear L.
subsets	src/games/subsets/hint-text.ts:86	leg/arrowMask/cont	F	Still filling … : … , so	look	action	continuation frame	Still filling this cell: the outlined cell has no L either, so clear L here.
subsets	src/games/subsets/hint-text.ts:102	leg/placement/cont	F	Still filling … : … , so	look	action	continuation frame; premise fragment has 4 arms (known/plural, L96-101)	Still filling this cell: the outlined sets all contain L too, so mark L present here.
subsets	src/games/subsets/hint-text.ts:114	leg/placement/first/hiddenSingle	F	. … , so	look+follows	action	two-sentences: look sentence then "It contains L, so mark L present."; hasClause 4 arms (L105-111)	The outlined set can go nowhere but this cell. It contains L, so mark L present.
subsets	src/games/subsets/hint-text.ts:115	leg/placement/first/collapse	F	. … , so	look+follows	action	two-sentences; hasClause 4 arms; lead leg may gain an exclusion sentence (rows below)	Only the outlined sets can still go in this cell. They all contain L, so mark L present.
subsets	src/games/subsets/hint-text.ts:136	ruleOut	F	, so	look	state	move as declarative "rules X out of this cell"; partner fragment 2 arms (bigger/smaller)	No outlined set is a bigger set holding {A,C}, so the horseshoe to the outlined cell rules {A,C} out of this cell.
subsets	src/games/subsets/hint-text.ts:145	exclusion/placed	R:instance	For instance,	look	none	new relation "instance": a sentence appended after the collapse lead's move, justifying its look (why not another set)	… For instance, {A} is already placed (on the board).
subsets	src/games/subsets/hint-text.ts:148	exclusion/arrow/mustContain	R:instance	For instance, … :	look	none	inverted (conclusion "can't go here" before its reason); colon	… For instance, {A} can't go here: the horseshoe to the outlined cell needs A and C present.
subsets	src/games/subsets/hint-text.ts:149	exclusion/arrow/wontAllow	R:instance	For instance, … :	look	none	inverted; colon	… For instance, {A} can't go here: the horseshoe to the outlined cell won't allow B.
subsets	src/games/subsets/hint-text.ts:151	exclusion/noArrow	R:instance	For instance, … : … , but	look+follows	none	inverted; colon; wordy	… For instance, {A} can't go here: with no horseshoe to the outlined neighbor, neither set may contain the other, but {A} would.
solo	src/engine/hint-text.ts:121	populate (engine populateText via solo/hint-text.ts:92)	E:setup	, so	none	action	engine-shared; action first, purpose clause after (inverted)	Start by penciling every candidate number into each empty cell, so there is something to cross out.
solo	src/engine/hint-text.ts:141	cleanObvious (engine cleanObviousText via solo/hint-text.ts:95)	E:setup	Now … :	none	action	engine-shared; sequence frame "Now"; colon	Now clear the easy ones: cross out any number already placed in each cell's row, column or block.
solo	src/engine/hint-text.ts:162	note/every (engine noteText via solo/hint-text.ts:100)	E:setup	, so	look	action	engine-shared; fits F shape	Nothing in this cell's row, column or block rules out a number yet, so pencil in every one.
solo	src/engine/hint-text.ts:164	note/only (engine noteText via solo/hint-text.ts:100)	E:setup	, so	look	action	engine-shared; fits F shape	Only 1 and 2 aren't already placed in this cell's row, column or block, so pencil them in.
solo	src/games/solo/hint-text.ts:108	single	F	, so	look	state		Every other number has been ruled out in this cell, so it can only be 5.
solo	src/games/solo/hint-text.ts:112	regionsFull	F	, so	look	state		This cell's row, column and block already hold every other number, so it can only be 5.
solo	src/games/solo/hint-text.ts:121	hiddenSingle	F	, since … , so	look+follows	state	inverted inside the premise (follows "5 can go only in this cell" before its reason "since…"); follows ≈ move: wordy	In this block, 5 can go in only this cell, since every other cell in the block rules it out, so it must be 5.
solo	src/engine/hint-text.ts:363	dup (engine placedRulesOut via solo/hint-text.ts:131)	P	(engine) , so	fused	strike	engine-shared; where "from these cells"	The 5 just placed can't repeat in its row, column or block [, so we must cross out the 5 from these cells.]
solo	src/games/solo/hint-text.ts:143	intersect	P	(engine) , so	look	strike	implicit-step (so 5 in that row lies in this block) unstated; where "from the rest of it"	In this block, every cell that can still take 5 lies in one row [, so we must cross out the 5 from the rest of it.]
solo	src/games/solo/hint-text.ts:163	set/region	P	(engine) , so	look	strike	named: true ("cross them out")	Other cells (outlined) in this row already account for 1 and 2
solo	src/games/solo/hint-text.ts:164	set/locked	P	(engine) , so	look+follows	strike	boundary ", leaving"; "Their" has no antecedent until the outlined cells are named	Their columns fit 1 only in the outlined cells, leaving no other 1 in their rows
solo	src/engine/hint-text.ts:456	forcing (engine forcingChainPremise via solo/hint-text.ts:176)	P	(engine) , so	look+follows	strike	engine-shared; multi: three sentences with inner ", so", "If …; if …", "Either way,"; lastTie 3 arms	Cell 1 is 5 or 3, and every numbered cell has just two numbers left, so each forces the next. If … Either way, 5 is ruled out here
solo	src/games/solo/hint-text.ts:198	cageSingle/cage/empty	F	, so	look	state	"it must be its total" (pronoun = cell)	This killer cage has only this cell, so it must be its total, 7.
solo	src/games/solo/hint-text.ts:199	cageSingle/cage/placed	F	, so	look	state		This killer cage must total 15 and its other cells already make 8, so its last cell must be 7.
solo	src/games/solo/hint-text.ts:204	cageSingle/region	F	; … , so	look+follows	state	boundary "; "	This block must total 45; the cages and digits inside it account for all but 7, so its one open cell must be 7.
solo	src/games/solo/hint-text.ts:206	cageSingle/outside	F	, so	fused	state	implicit-step (the cage's other cells are known) unstated	This row's whole cages and digits leave 12 for this killer cage's cells in the row, so its last cell must be 7.
solo	src/games/solo/hint-text.ts:220	cageMinMax/cage	P	(engine) , so	look+follows	strike	named; boundary ", and"	This killer cage must total 10, and its other cells leave no room for 1 or 2
solo	src/games/solo/hint-text.ts:221	cageMinMax/sum	P	(engine) , so	look+follows	strike	named; cageSum has 3 arms (L265/267/269), the outside arm carries its own inner ", so"; boundary "; "	This row's whole cages and digits leave 9 for the outlined cells; the others leave no room for 1 or 2
solo	src/games/solo/hint-text.ts:234	cageSums/cage	P	(engine) , so	fused	strike	named	No way to make this killer cage total 10 uses 1 or 2 in this cell
solo	src/games/solo/hint-text.ts:235	cageSums/sum	P	(engine) , so	look+follows	strike	named; cageSum 3 arms; boundary "; "	This killer cage's open cells make 9; no way to make that uses 1 or 2 here
range	src/games/range/hint-text.ts:58	adjacency	F	. … , so	look	state	two-sentences: rule-as-premise sentence first; move-in-premise (this cell); wordy (rule belongs in help)	No two black squares may touch. This cell sits right next to the black square, so it must be white.
range	src/games/range/hint-text.ts:71	satisfied	F	, so	look	state	count word 3 arms	This 3 already sees all 3 of its white cells (outlined), so the cell just past them must be black.
range	src/games/range/hint-text.ts:75	overrun	F	, so	look+follows	state	hypothetical; move-in-premise; trailing "if white" awkward	This cell, just past the cells, would let this 3 see more than 3 if white, so it must be black.
range	src/games/range/hint-text.ts:80	reach/area	F	: it must … , which	look+follows	state	colon-conclusion; move in a relative clause ", which must be white"	This 5 needs more than the cells: it must see along the run to the cell, which must be white.
range	src/games/range/hint-text.ts:81	reach/bare	F	To … , … , which	fused	state	implicit-step (why this run: no other arm can supply) unstated; wordy ("To see 5, this 5 must see"); move in relative clause	To see 5, this 5 must see along the run to the cell, which must be white.
range	src/games/range/hint-text.ts:88	connect	F	, so	look+follows	state	hypothetical; move-in-premise	Painting this cell black would cut some of the cells around it off from the rest, so it must stay white.
pegs	src/games/pegs/hint-text.ts:99	trap/sameRival	R:danger	, so … instead	fused	action	so-not-narrowed (other pegs' jumps, or a third direction, also avoid the cut-off);move-in-premise	This peg's striped jump would cut off the outlined peg, so jump this peg into the hole instead.
pegs	src/games/pegs/hint-text.ts:100	trap/otherRival	R:danger	. One way to save it:	fused	action	two-sentences;colon-conclusion	The striped jump would cut off the outlined peg. One way to save it: jump this peg into the hole.
pegs	src/games/pegs/hint-text.ts:105	trapSoon/sameRival	R:danger	, so … instead	fused	action	so-not-narrowed (as trap/sameRival);move-in-premise	After this peg's striped jump, any next jump cuts off the outlined peg, so jump this peg into the hole instead.
pegs	src/games/pegs/hint-text.ts:106	trapSoon/otherRival	R:danger	. One way to save it:	fused	action	two-sentences;colon-conclusion	After the jump, any next jump cuts off the outlined peg. One way to save it: jump this peg into the hole.
pegs	src/games/pegs/hint-text.ts:110	only	F	, so	fused	action	could-leave-to-board	No other jump can still finish, so jump this peg into the hole.
pegs	src/games/pegs/hint-text.ts:115	onlyThese	R:oneOf	. One of them:	fused	action	two-sentences;colon-conclusion;could-leave-to-board (ring already among the arrows)	Only the jumps with arrows can still finish. One of them: jump this peg into the hole.
pegs	src/games/pegs/hint-text.ts:119	alsoThese	R:oneOf	; some others cannot. One of them:	fused	action	two-sentences;colon-conclusion	The jumps with arrows can still finish; some others cannot. One of them: jump this peg into the hole.
pegs	src/games/pegs/hint-text.ts:123	anyJump	R:oneOf	. One of them:	fused	action	two-sentences;colon-conclusion	Every jump can still finish with one peg. One of them: jump this peg into the hole.
pegs	src/games/pegs/hint-text.ts:126	last	R:goal	to (purpose clause)	none	action	move-first (move before its purpose; reorderable as "This jump finishes with one peg")	Jump this peg into the hole to finish with one peg.
pegs	src/games/pegs/hint-text.ts:130	plain	E:bare	none	none	action	nothing settled to say; fallback of plain() in hint.ts:200	Jump this peg into the hole.
pegs	src/games/pegs/hint-text.ts:134	joins	R:danger	;	look+follows	board	semicolon-as-connective (relation implicit, "for it" carries it);boundary ", with no peg beside it"	The outlined peg is stranded, with no peg beside it; go back for it.
pegs	src/games/pegs/hint-text.ts:139	leavesAlone/sameRival	R:danger	, so … instead	fused	action	so-not-narrowed (as trap/sameRival);move-in-premise	This peg's striped jump would strand the outlined peg, so jump this peg into the hole instead.
pegs	src/games/pegs/hint-text.ts:140	leavesAlone/otherRival	R:danger	. One way to keep a peg beside it:	fused	action	two-sentences;colon-conclusion	The striped jump would strand the outlined peg. One way to keep a peg beside it: jump this peg into the hole.
pegs	src/games/pegs/hint-text.ts:144	packageStart	R:sequence	. First,	look	action	two-sentences;opens a 3- or 6-step journey	Three jumps clear the striped row and change nothing else. First, jump this peg into the hole.
pegs	src/games/pegs/hint-text.ts:148	packageNext	R:sequence	Next, to clear …,	look	action	continuation leg (continuesPrevious);purpose clause restates the look	Next, to clear the striped row, jump this peg into the hole.
pegs	src/games/pegs/hint-text.ts:152	packageEnd	R:sequence	Last, to clear …,	look	action	continuation leg (continuesPrevious)	Last, to clear the striped row, jump this peg into the hole.
tracks	src/games/tracks/hint-text.ts:104	onlyOneSideLeft/none	F	, so … :	look+follows	state	colon-conclusion;move-in-premise (ring "this square" in look);boundary ", so no track can reach it"	Every side of this square is blocked, so no track can reach it: it must be empty.
tracks	src/games/tracks/hint-text.ts:105	onlyOneSideLeft/one	F	, and … , so	look+follows	state	move-in-premise;boundary ", and track needs two"	Every side of this square but one is blocked, and track needs two, so it must be empty.
tracks	src/games/tracks/hint-text.ts:108	bothSidesLeft	F	, so	look	state	"The track here" names the square with no mark	The track here has two sides blocked, so it must run through the other two.
tracks	src/games/tracks/hint-text.ts:113	clueFull/zero	F	, so … :	look+follows	state	colon-conclusion;boundary ", so no track can run along it at all"	This row's clue is 0, so no track can run along it at all: every square in it must be empty.
tracks	src/games/tracks/hint-text.ts:121	clueFull/n	F	, so	look	state	three noun variants of `has` (one/both/all N) share this shape	This row already has the one track square its clue allows, so every other square in it must be empty.
tracks	src/games/tracks/hint-text.ts:129	clueExact/full	F	, so	look	state		This row's clue is 5 and it is 5 squares long, so every square in it must carry track.
tracks	src/games/tracks/hint-text.ts:132	clueExact/room	F	, so	look	state		This row can leave only 2 squares empty and they are already marked, so every other square in it must carry track.
tracks	src/games/tracks/hint-text.ts:136	wouldCloseLoop	F	, so … :	look+follows	state	colon-conclusion;move-in-premise ("this side");boundary ", so crossing it would close a loop"	The outlined track already joins the squares this side separates, so crossing it would close a loop: it must be blocked.
tracks	src/games/tracks/hint-text.ts:139	wouldStrandTrack	F	;	fused	state	semicolon-as-therefore;"A's run to B's" names letters, not marks	Joining here would link A's run to B's and finish the track, stranding the outlined track; this side must be blocked.
tracks	src/games/tracks/hint-text.ts:144	wouldFinishEarly	F	, so	fused	state	"A's run to B's" names letters, not marks	Joining A's run to B's here would finish the track with this row's clue short, so this side must be blocked.
tracks	src/games/tracks/hint-text.ts:147	looseEndsFill	F	, so … :	look+follows	state	colon-conclusion;boundary ", so no loose end can run along it"	The outlined squares fill this row's clue of 3, so no loose end can run along it: this side must be blocked.
tracks	src/games/tracks/hint-text.ts:152	looseEndSpans	F	With … , (no so)	look	state	premise as an adverbial "With" phrase, no explicit therefore	With two track squares left in this row and no way across it, the loose end must run straight on.
tracks	src/games/tracks/hint-text.ts:157	sharedFateBoth	F	; … :	look+follows	state	two premise clauses joined by ";" with no stated relation (rule-2 risk);colon-conclusion;move-in-premise ("here");two moves in one state clause	Track here would run on upward; this row has one track and one empty left: this must be empty, the next track.
tracks	src/games/tracks/hint-text.ts:160	sharedFateFills	F	, but … , so	look+follows	state	move-in-premise ("here");boundary ", but"	Track here would carry on upward, but this row has room for one more track square, so this must be empty.
tracks	src/games/tracks/hint-text.ts:164	sharedFateEmpties	F	, but … , so	look+follows	state	move-in-premise ("here");boundary ", but"	No track here means none above either, but this row can spare just one more empty, so this must carry track.
tracks	src/games/tracks/hint-text.ts:174	crossingParity	F	; with … ,	look+follows	state	rule stated first, look second (rule-1 order);carry/blocked and none/N-marked variants inline	Every time the track enters the striped block it must leave; with 3 crossings marked, this last side must carry track.
tents	src/games/tents/hint-text.ts:84	noTree	F	, and … , so	look+follows	state	rule ("Every tent sits beside a tree") stated as premise though rules live in help;move-in-premise	Every tent sits beside a tree, and no tree is beside these squares, so they must be grass.
tents	src/games/tents/hint-text.ts:91	treesDone	F	, so	look	state	move-in-premise;paren/no-paren variants share shape	Every tree beside these squares already has its tent (outlined), so they must be grass.
tents	src/games/tents/hint-text.ts:96	nextToTent	F	, so	look	state	rule-first: indication (the outlined tent) sits inside the move clause (rule-1 order)	Tents never touch, even diagonally, so every open square around the tent must be grass.
tents	src/games/tents/hint-text.ts:99	treeDiagonal	F	; … , so	look+follows	state	boundary ";";move-in-premise ("the ringed one")	The outlined tree's tent must go in one of the two squares; either touches the ringed one, so it must be grass.
tents	src/games/tents/hint-text.ts:114	treeSingle/taken	F	, so	look+follows	state	trailing action ", joined to it" (link move) after state	The outlined tent belongs to another tree, so the outlined tree's tent must go in its only open square, joined to it.
tents	src/games/tents/hint-text.ts:115	treeSingle/free	F	, so	look	state	move-in-premise ("the ringed one");trailing ", joined to it"	The outlined tree's only open square is the ringed one, so its tent must go there, joined to it.
tents	src/games/tents/hint-text.ts:132	tentLink	F	, so … :	look	state	colon-conclusion;state then action ("join them");move-in-premise ("the ringed tent")	Every other tree beside the ringed tent already has its tent, so it must belong to the tree above it: join them.
tents	src/games/tents/hint-text.ts:148	treeLink/free	F	, so … :	look	state	colon-conclusion;state then action ("join them");move-in-premise	The ringed tree has no open square beside it, so its tent must be the one above it: join them.
tents	src/games/tents/hint-text.ts:153	treeLink/taken	F	, so … :	look	state	colon-conclusion;state then action ("join them")	The outlined tent belongs to another tree, so the ringed tree's tent must be the one above it: join them.
tents	src/games/tents/hint-text.ts:161	countMet/zero	F	, so	look	state		This row's number is 0, so its open squares must be grass.
tents	src/games/tents/hint-text.ts:162	countMet/n	F	, so	look	state		This row already has its 2 tents, so its open squares must be grass.
tents	src/games/tents/hint-text.ts:167	allOpen	F	, and … , so	look+follows	state	boundary ", and has only"	This row needs 2 more tents and has only 2 open squares, so these squares must all be tents.
tents	src/games/tents/hint-text.ts:172	noSpareRoom	F	, and … , so	look+follows	state	boundary ", and its open squares have room for only"	This row needs 2 more tents, and its open squares have room for only 2 that don't touch, so these must be tents.
tents	src/games/tents/hint-text.ts:176	betweenThem	F	, so	look	state	continuation leg (continuesPrevious) yet a full sentence;rule-first, indication inside the move clause	Tents never touch, so the squares between the tents that this row's number needs must be grass.
tents	src/games/tents/hint-text.ts:181	touchesBeside/one	F	, so	fused	state	move-in-premise ("these squares")	Wherever this row's last tent goes, it touches these squares beside it, so they must be grass.
tents	src/games/tents/hint-text.ts:182	touchesBeside/many	F	, so	fused	state	move-in-premise	Wherever this row's 2 remaining tents go, one touches each of these squares beside it, so they must be grass.
pearl	src/games/pearl/hint-text.ts:85	squareFull	F	, so	look	state	one-edge/many-edges inline variants share shape	This square already has its two lines, so this edge can't be a line.
pearl	src/games/pearl/hint-text.ts:88	lineGoesOn	F	, so	look	state		The line in this square has no other way to go on, so this edge must be a line.
pearl	src/games/pearl/hint-text.ts:91	deadEnd	F	, so … :	look+follows	state	colon-conclusion;boundary ", so a line here would dead-end"	This square has no line and no other open edge, so a line here would dead-end: this edge can't be a line.
pearl	src/games/pearl/hint-text.ts:103	blackOpposite/line	F	, and … , so	look+follows	state	rule ("must turn") first, then indication	This black pearl must turn, and the opposite edge is a line, so this edge can't be one.
pearl	src/games/pearl/hint-text.ts:109	blackOpposite/runsOn	F	, and … , so	look+follows	state	ruledOut/boardEdge variants share shape	This black pearl must turn, and the opposite edge is ruled out, so its line must run this way through the next square.
pearl	src/games/pearl/hint-text.ts:110	blackOpposite/plain	F	, and … , so	look+follows	state	ruledOut/boardEdge variants share shape	This black pearl must turn, and the board's edge is opposite, so this edge must be a line.
pearl	src/games/pearl/hint-text.ts:114	whiteCarriesOn	F	, so	fused	state	premise is the rule only; look implicit	This white pearl's line runs straight through it, so it must leave by the opposite edge.
pearl	src/games/pearl/hint-text.ts:119	whiteBlocked/boardEdge	F	, so	look	state		This white pearl sits on the board's edge, so its line must run along it.
pearl	src/games/pearl/hint-text.ts:120	whiteBlocked/ruledOut	F	, and … , so	look+follows	state	boundary ", and its line runs straight through" (rule)	This white pearl has one edge ruled out, and its line runs straight through, so the line must run across.
pearl	src/games/pearl/hint-text.ts:125	throughNextWhite	E:other	none (appended sentence)	none	state	appended after any premise sentence at pearl/hint.ts:252;two-sentences;second move with no stated relation beyond "too"	It runs straight on through the next white pearl too.
pearl	src/games/pearl/hint-text.ts:130	blackRunsOn	F	, so	fused	state	premise is the rule	The outlined black pearl's line runs straight through the next square, so this line must carry on out of its far side.
pearl	src/games/pearl/hint-text.ts:135	blackCannotRunOn	F	, so	look	state	four NO_STRAIGHT reasons share shape	The outlined square has a line off to the side, so this black pearl's line can't run straight through it.
pearl	src/games/pearl/hint-text.ts:140	whiteCannotTurn	F	, so	fused	state	move-in-premise ("this white pearl")	Neither outlined square to its left or right can turn into this white pearl, so its line must run up and down.
pearl	src/games/pearl/hint-text.ts:146	whiteTurnsOpposite	F	, so … :	look+follows	state	colon-conclusion;line/no-line variants inline;boundary ", so it turns on its other side"	The white pearl runs straight through the outlined square, so it turns on its other side: this edge must be a line.
pearl	src/games/pearl/hint-text.ts:151	closesEarly	F	, so	fused	state	hypothetical premise	Joining the ends of the outlined line here would close a loop that misses a pearl, so this edge can't be a line.
pearl	src/games/pearl/hint-text.ts:157	closesEarlyThrough	F	, so	fused	state	move-in-premise ("this square")	Any line through this square would close the outlined line into a loop that misses a pearl, so it must stay empty.
pearl	src/games/pearl/hint-text.ts:162	closesEarlyWhite	F	, so	fused	state	move-in-premise ("this white pearl");fronted "Across,"	Across, this white pearl would close the outlined line into a loop that misses other lines, so it must run up and down.
sticks	src/games/sticks/hint-text.ts:68	tooLong/open	F	. So	fused	state	two-sentences;premise is a counterfactual about the ruled-out orientation;tail from frame() at :48	A vertical line here would run the 3's line to 4 squares, too long for it. So this 3 must be horizontal.
sticks	src/games/sticks/hint-text.ts:67	tooLong/continues	F	: … . So	fused	state	continuation leg;conclusion-before-reason ("rules this square out too:");two-sentences	The 3 rules this square out too: a vertical line would run its line to 4 squares. So this square must be horizontal.
sticks	src/games/sticks/hint-text.ts:84	unreachable/open	F	, and … . So	look+follows	state	two-sentences;boundary ", and a … line here"	The 4 needs a longer line, and a vertical line here would leave it only 2 squares. So this square must be horizontal.
sticks	src/games/sticks/hint-text.ts:83	unreachable/continues	F	: … . So	fused	state	continuation leg;conclusion-before-reason;two-sentences	The 4 rules this square out too: a vertical line would leave it only 2 squares. So this square must be horizontal.
sticks	src/games/sticks/hint-text.ts:101	twoClues/open	F	. So	fused	state	two-sentences;three noun variants of `joined` share shape	A vertical line here would join the 2 and the 3 into one line. So this square must be horizontal.
sticks	src/games/sticks/hint-text.ts:92	twoClues/continues	F	: … . So	fused	state	continuation leg;conclusion-before-reason;two-sentences	The same numbers rule this square out too: a vertical line would join them into one line. So this square must be horizontal.
sticks	src/games/sticks/hint-text.ts:125	overConnected/zero	F	, and … . So	look+follows	state	two-sentences	The black 0 takes no lines, and a vertical line here would run straight into it. So this square must be horizontal.
sticks	src/games/sticks/hint-text.ts:126	overConnected/n	F	, and … . So	look+follows	state	two-sentences	The black 2 already has its 2 lines, and a vertical line here would add another. So this square must be horizontal.
sticks	src/games/sticks/hint-text.ts:122	overConnected/continues-cells	F	: … . So	fused	state	continuation leg;conclusion-before-reason;two-sentences	The black 2 rules this square out too: a vertical line here would add to its 2 lines. So this square must be horizontal.
sticks	src/games/sticks/hint-text.ts:123	overConnected/continues-bare	F	: … . So	fused	state	continuation leg;conclusion-before-reason;two-sentences	The black 0 rules this square out too: a vertical line here would run into it. So this square must be horizontal.
sticks	src/games/sticks/hint-text.ts:142	starved/one	F	, and … . So	look+follows	state	two-sentences	The black 1 has one open side left, and a vertical line here would close it off. So this square must be horizontal.
sticks	src/games/sticks/hint-text.ts:143	starved/many	F	, and … . So	look+follows	state	two-sentences	The black 3 needs all 3 of its open sides, and a vertical line here would close one. So this square must be horizontal.
sticks	src/games/sticks/hint-text.ts:140	starved/continues	F	. So	fused	state	continuation leg;leads with the ruled-out line;two-sentences	A vertical line would close another side the black 2 needs, like the outlined ones. So this square must be horizontal.
palisade	src/games/palisade/hint-text.ts:58	cluesVersusRegionSize/two3s	F	, so … . … , so	look+follows	state	two-sentences;chained follows (exactly 2 cells, regions hold k)	Two 3s each keep just one side open, and it has to be the one they share, so their region would be exactly 2 cells. Regions here hold 4, so…
palisade	src/games/palisade/hint-text.ts:64	cluesVersusRegionSize/general	F	, but … , so	look+follows	state	boundary ", but regions here hold"	These clues would need a shared region of at least 4 cells, but regions here hold 3, so the edge between them must be a wall.
palisade	src/games/palisade/hint-text.ts:80	numberExhausted/zero-multi	F	, so … . Clear them.	look	state	two-sentences;wordy ("Clear them." restates "can't be walls");could-leave-to-board	Clue 0 allows no walls, so none of its remaining edges can be walls. Clear them.
palisade	src/games/palisade/hint-text.ts:81	numberExhausted/zero-single	F	, so	look	state		Clue 0 allows no walls, so this edge can't be one.
palisade	src/games/palisade/hint-text.ts:85	numberExhausted/multi-wall	F	, so	fused	action	move-in-premise ("every remaining edge" ringed in premise);imperative where siblings use necessity voice	Clue 3 reaches its count only if every remaining edge is a wall, so draw them all.
palisade	src/games/palisade/hint-text.ts:86	numberExhausted/multi-clear	F	, so … . Clear them.	look	state	two-sentences;wordy ("Clear them." restates);could-leave-to-board	Clue 2 already has all its walls, so its remaining edges can't be walls. Clear them.
palisade	src/games/palisade/hint-text.ts:89	numberExhausted/single-wall	F	, so	fused	state	premise already states the conclusion ("needs all its remaining edges to be walls")	Clue 3 needs all its remaining edges to be walls, so this one must be a wall.
palisade	src/games/palisade/hint-text.ts:90	numberExhausted/single-clear	F	, so	look	state		Clue 2 already has all its walls, so this edge can't be one.
palisade	src/games/palisade/hint-text.ts:105	notTooBig/unknown	F	, so	fused	state	hypothetical premise	Joining these two regions would leave more than the 4 cells a region holds, so this edge must be a wall.
palisade	src/games/palisade/hint-text.ts:106	notTooBig/n	F	, but … , so	look+follows	state	boundary ", but a region here holds"	Joining these two regions would make 6 cells, but a region here holds 4, so this edge must be a wall.
palisade	src/games/palisade/hint-text.ts:119	notTooSmall/unknown	F	, so	look+follows	state	boundary " and has just one way left to grow"	This region is short of its 4 cells and has just one way left to grow, so this edge can't be a wall.
palisade	src/games/palisade/hint-text.ts:120	notTooSmall/n	F	, so	look+follows	state	boundary " and just one way left to grow"	This region has 2 of its 4 cells and just one way left to grow, so this edge can't be a wall.
palisade	src/games/palisade/hint-text.ts:125	noDanglingEdges	F	, so	fused	state	premise is the rule applied at the corner	A wall can't stop in mid-air at this corner, so this edge must be a wall.
palisade	src/games/palisade/hint-text.ts:144	equivalentEdges/multi-wall	F	, so … : … . … , so	look+follows	state	two-sentences;chained follows (share a fate, then the clue's count);move-in-premise ("Both edges")	Both edges border the same region, so they share a fate: both walls or both open. Leaving both open would leave clue 2 short of walls, so both…
palisade	src/games/palisade/hint-text.ts:145	equivalentEdges/multi-clear	F	, so … : … . … , so	look+follows	state	two-sentences;chained follows;move-in-premise	Both edges border the same region, so they share a fate: both walls or both open. Walling both would exceed clue 1, so neither can be a wall.
palisade	src/games/palisade/hint-text.ts:151	equivalentEdges/single-wall	F	, so	fused	state	move-in-premise ("This edge" is the subject);relative clause without "that"	This edge borders a region clue 2 can't fully open, so it must be a wall.
palisade	src/games/palisade/hint-text.ts:152	equivalentEdges/single-clear	F	, so	fused	state	move-in-premise;relative clause without "that"	This edge borders a region clue 2 can't wall off, so it can't be a wall.
palisade	src/engine/hint-text.ts:110	edgeContinuation/wall	E:continuation	…and … too, for	none	state	engine-supplied (edgeContinuation), game supplies only the basis (say.basis.*, palisade/hint-text.ts:157);move-first, basis after "for"	…and these edges must be walls too, for clue 3.
palisade	src/engine/hint-text.ts:111	edgeContinuation/clear	E:continuation	…and … either, for	none	state	engine-supplied;move-first, basis after "for"	…and this edge can't be a wall either, for the same region.
filling	src/games/filling/hint-text.ts:33	growth/exact	E:other	none	fused	board	premise only, no conclusion clause: the ring and the region's N carry the move;move-in-premise;could take ", so … must be N"	The region of 4 fits exactly into these last squares.
filling	src/games/filling/hint-text.ts:34	growth/partial	E:other	none	fused	board	premise only, no conclusion clause;move-in-premise	The region of 5 can't fully grow without this square.
filling	src/games/filling/hint-text.ts:37	blocked	E:other	none	fused	board	premise only, no conclusion clause;move-in-premise	The region of 3 has only these empty squares to grow into.
filling	src/games/filling/hint-text.ts:41	lonely/evidence	F	, so	look+follows	state	move-in-premise ("this square")	The region of each neighbor can't grow to include this square, so it can only be a 1.
filling	src/games/filling/hint-text.ts:42	lonely/none	F	, so	look+follows	state	move-in-premise	No neighboring region can grow to include this square, so it can only be a 1.
filling	src/games/filling/hint-text.ts:47	bitmap/evidence	F	, so	fused	state	move-in-premise	Every other number in this square would match an outlined neighbor or leave a region short of its size, so it must be 4.
filling	src/games/filling/hint-text.ts:48	bitmap/none	F	, so	fused	state	move-in-premise	Every other number in this square would touch an equal number or leave a region short of its size, so it must be 4.
guess	src/games/guess/hint-text.ts:80	scoredNothing	F	, so … :	look+follows	state	colon-conclusion; follows=", so none of its colors can be in the answer"	The row scored nothing, so none of its colors can be in the answer: the framed colors are out.
guess	src/games/guess/hint-text.ts:82	noBlack	F	, so … :	look+follows	state	colon-conclusion	The row scored no black pegs, so none of its colors can be where it was guessed: the framed colors are out.
guess	src/games/guess/hint-text.ts:84	everyPegScored	F	, so … :	look+follows	state	colon-conclusion	Every peg of the row scored, so the answer can only use its colors: the framed colors are out.
guess	src/games/guess/hint-text.ts:86	noRepeats	F	, and … , so … :	look+follows	state	colon-conclusion; premise = look + rule ("no color repeats")	The outlined slot can only be one color, and no color repeats, so no other slot can hold it: the framed color is out.
guess	src/games/guess/hint-text.ts:88	blacksForced	F	, so … :	look+follows	state	colon-conclusion; singular/plural arm (:90) same shape	The row's 2 blacks can only be in the outlined slots, so those pegs are right: the framed colors are out.
guess	src/games/guess/hint-text.ts:92	blacksAccounted	F	, so … :	look+follows	state	colon-conclusion; singular/plural arm (:94) same shape	The outlined slots account for the row's 2 blacks, so its other pegs are misplaced: the framed colors are out.
guess	src/games/guess/hint-text.ts:96	totalAccounted	F	, so	look	state	only arm without the intermediate "follows" clause	The outlined slots account for all 3 pegs the row scored, so the framed colors are out.
guess	src/games/guess/hint-text.ts:98	onlyAnswer	F	:	fused	board	colon-conclusion; move (guess it) left implicit to the ring	Only one answer fits every score so far: the framed colors.
guess	src/games/guess/hint-text.ts:100	opening	R:measure	. Guess … :	look	action	two-sentences; move before its measurement (reorderable); colon-conclusion	Nothing is scored yet. Guess the framed colors: whatever they score, at most ${w} of the ${f} answers will be left.
guess	src/games/guess/hint-text.ts:102	probe	R:measure	. Guess them, and	look+follows	action	two-sentences; move-in-premise ("the framed colors are one")	${f} answers fit every score so far, and the framed colors are one. Guess them, and at most ${w} will be left.
guess	src/games/guess/hint-text.ts:104	probeFits	R:goal	Guess … :	look+follows	action	move first, reason after colon (reorderable); colon-conclusion	Guess the framed colors: only a guess that fits every score so far can win, and they do.
salad	src/games/salad/hint-text.ts:103	populate	E:setup	, so	none	action	reason after move (", so there is something to cross out")	Start by penciling every candidate letter into each empty square that has none yet, so there is something to cross out.
salad	src/games/salad/hint-text.ts:105	cleanObvious	E:setup	Now … :	none	action	engine text (cleanObviousText, engine/hint-text.ts:140); colon	Now clear the easy ones: cross out any letter already placed in each square's row or column.
salad	src/games/salad/hint-text.ts:125	borderNear/adjacent	P	, which leaves	look+follows	strike	move-in-premise ("for this square"); this square both outlined and ringed	This row's left-hand clue sees A first and this square is nearest to it, which leaves only A for this square [, so cross out …].
salad	src/games/salad/hint-text.ts:126	borderNear/between	P	, and … , which leaves	look+follows	strike	move-in-premise ("for this square")	This column's top clue sees A first, and the 2 squares between are marked empty, which leaves only A for this square [, so …].
salad	src/games/salad/hint-text.ts:149	borderFar/blocked	P	, and … , which keeps	look+follows	strike	strike ending uses where="past it"	This row's left-hand clue sees A first, and the square furthest from it already holds a letter, which keeps the A somewhere in the run [, so …].
salad	src/games/salad/hint-text.ts:170	borderFar/reach	P	, so … . … , which keeps	look+follows	strike	two-sentences; internal "so" over an intermediate fact; wordy (optional "and 1 of them is already marked later in the row" tail)	This row's left-hand clue sees A first, so every square before its A must be empty. This row has room for only 2 empty squares, which keeps the A within the first 3 squares [, so …].
salad	src/games/salad/hint-text.ts:180	countHolesDone	F	, so	look	state	journey: "and the rest of it" names later legs; continuation legs reuse it	This row already has both of its empty squares, so this square and the rest of it must hold a letter.
salad	src/games/salad/hint-text.ts:197	countLettersDone/allPlaced	F	, so	look	state	journey ("and the rest of it")	All 3 letters of this row are already placed, so this square and the rest of it must be empty.
salad	src/games/salad/hint-text.ts:198	countLettersDone/known	F	, so	look	state	journey ("and the rest of it")	We already know which 3 squares of this row hold its letters, so this square and the rest of it must be empty.
salad	src/games/salad/hint-text.ts:202	crossNaked	F	, so … :	look+follows	state	colon-conclusion; "here" unringed plain word, square ringed in conclusion	Every letter is ruled out here, so the empty-square mark is the only one left: this square must be empty.
salad	src/games/salad/hint-text.ts:207	circleXNote	P	none	look	strike	move-in-premise (ringed squares are the subject); "now" = sequence after the placement	This square is now known to hold a letter [, so cross out its empty-square mark].
salad	src/games/salad/hint-text.ts:216	repeatFull	P	, leaving	look+follows	strike	move-in-premise ("for this square")	This row already has both of its empty squares, leaving none for this square [, so cross out its empty-square mark].
bridges	src/games/bridges/hint-text.ts:97	exactSpace/one	F	, so	look	state	—	This 3 still needs one more bridge and has room for exactly one, so it must be drawn there.
bridges	src/games/bridges/hint-text.ts:98	exactSpace/many	F	, so	look	state	—	This 5 still needs 2 more bridges and has room for exactly 2, so every one must be drawn.
bridges	src/games/bridges/hint-text.ts:111	everyNeighbor/one	F	, so	look	state	—	This 2 has just one neighbor left to reach, so at least one bridge must run to it.
bridges	src/games/bridges/hint-text.ts:114	everyNeighbor/two	F	, so	fused	state	—	This 5 needs more bridges than either neighbor could carry alone, so both must take at least one.
bridges	src/games/bridges/hint-text.ts:116	everyNeighbor/many	F	, so	fused	state	—	This 7 needs more bridges than any 2 of its 3 neighbors could carry, so each must take one.
bridges	src/games/bridges/hint-text.ts:120	wouldCloseLoop	F	, so … :	look+follows	state	colon-conclusion; move-in-premise ("one more this way" ringed in follows)	These islands are already linked by the bridges, so one more this way would close a loop: it must be blocked.
bridges	src/games/bridges/hint-text.ts:125	needsThisWay/none	F	, so	look	state	—	This 3's other neighbors can take no bridges at all, so every bridge it needs must run this way.
bridges	src/games/bridges/hint-text.ts:126	needsThisWay/some	F	, so	look	state	—	This 4 can take at most 2 bridges from its other neighbors, so one must run this way.
bridges	src/games/bridges/hint-text.ts:133	wouldSealGroup	F	, so	fused	state	hypothetical premise; limited() has blocked/at-most arms (:88/:89) same shape	Two bridges here would shut these 3 islands into a finished group of their own, so at most one can run this way.
bridges	src/games/bridges/hint-text.ts:140	wouldStarve/self	F	, so	fused	state	hypothetical premise	A bridge here would leave this 2 itself unable to reach its count, so this way must be blocked.
bridges	src/games/bridges/hint-text.ts:141	wouldStarve/other	F	, so	fused	state	hypothetical premise	Two bridges here would leave the outlined island unable to reach its own count, so at most one can run this way.
bridges	src/games/bridges/hint-text.ts:147	mustReachOut	F	, so	fused	state	hypothetical premise	Filling this 4's other links as far as they go would seal off the outlined group, so a bridge must run this way.
untangle	src/games/untangle/hint-text.ts:101	clear/partial	R:measure	none	none	action	move first (gerund subject), measurement as predicate	Moving this point here cuts its crossings from 5 to 2, clearing the outlined ones.
untangle	src/games/untangle/hint-text.ts:102	clear/all	R:measure	none	none	action	move first (gerund subject)	Moving this point here clears all 3 of its crossings.
untangle	src/games/untangle/hint-text.ts:126	rearrange/noPayoff	R:measure	. 	look	action	two-sentences; relation is "nothing better was found" (fallback) — closer to a new relation "bestAvailable"; 3 `what` arms (keeps clear / keeps at / raises)	No one move removes a crossing. Moving this point here raises its crossings from 1 to 2.
untangle	src/games/untangle/hint-text.ts:127	rearrange/payoff	R:goal	, but frees	none	action	move first; the reason (payoff) comes last after "but" (setup move toward a goal)	Moving this point here keeps its crossings at 2, but frees a move that removes 3.
untangle	src/games/untangle/hint-text.ts:156	journey/first	R:sequence	. … first, … :	look	action	two-sentences; colon; goal of whole journey stated first then "This one first"; change() has 5 arms (stay clear/clears all/clears k leaving/cuts/keeps/raises)	Moving the 3 marked points clears every crossing. This one first, here: it clears both of its crossings.
untangle	src/games/untangle/hint-text.ts:159	journey/last	R:sequence	:	none	action	continuation leg (continuesPrevious); move first then measure	The last marked point goes here: it clears its only crossing.
untangle	src/games/untangle/hint-text.ts:160	journey/next	R:sequence	, before … :	none	action	continuation leg (continuesPrevious)	The next marked point goes here, before the others: it cuts its crossings from 3 to 1.
singles	src/games/singles/hint-text.ts:70	sandwich	F	, so … :	look+follows	state	colon-conclusion	The 3s sit one square apart, so one of them must be black: the 3 between them must be white.
singles	src/games/singles/hint-text.ts:78	pair	F	, so … :	look+follows	state	colon-conclusion	The 2s touch, so one of them stays white and uses up the 2 in this row: the 2 must be black.
singles	src/games/singles/hint-text.ts:105	corner4/innerOnly	F	; … , so	look+follows	state	corner outlined (not decided); "it" in follows = the corner	The corner 4 matches both its neighbors; keeping it white would make both black and box it in, so the 4 diagonally inside must be black.
singles	src/games/singles/hint-text.ts:105	corner4/both	F	; … , so	look+follows	state	move-in-premise (ringed "This corner 4" is subject)	This corner 4 matches both its neighbors; keeping it white would make both black and box it in, so it and the 4 diagonally inside must be black.
singles	src/games/singles/hint-text.ts:105	corner4/cornerOnly	F	; … , so … , like	look+follows	state	move-in-premise; trailing ", like the 4 diagonally inside" (already black)	This corner 4 matches both its neighbors; keeping it white would make both black and box it in, so it must be black, like the 4 diagonally inside.
singles	src/games/singles/hint-text.ts:112	corner3Corner	F	; … , so	look+follows	state	move-in-premise	This corner 3 matches both 2s; keeping it white would make both black and box it in, so it must be black.
singles	src/games/singles/hint-text.ts:116	corner3Inner	F	; … , so	look+follows	state	move-in-premise	This inner 3 matches both 2s flanking the corner 1; keeping it white would make both black and box the corner in, so it must be black.
singles	src/games/singles/hint-text.ts:132	corner2	F	, so … . … , so	look+follows	state	two-sentences; move-in-premise ("Blacking out this 5"); proof by contradiction; wordy	A touching pair of 2s sits at the corner, so one of them must be black. Blacking out this 2 would force the 2 beside the corner black too, leaving the corner 1 boxed in, so it must stay white.
singles	src/games/singles/hint-text.ts:158	offset	F	, … and … . So	look+follows	state	two-sentences; move-in-premise ("blacking out the ringed 4"); wordy; "So" opens 2nd sentence	There's a pair of 4s in one row and a pair of 2s in the next, lined up so that blacking out the ringed 4 would force … to be black next to each other, and black squares can't touch. So it must be white.
singles	src/games/singles/hint-text.ts:174	adjBlack	F	, and … , so	look+follows	state	move-in-premise (ringed squares are subject); plural arm lists values	This 3 touches (a black square), and black squares can't touch, so it must be white.
singles	src/games/singles/hint-text.ts:185	sameLine	F	, which … , so	look+follows	state	move-in-premise	This 4 shares this row with the white 4, which already uses that number, so it must be black.
singles	src/games/singles/hint-text.ts:192	boxedIn	F	, so … to	look+follows	state	move-in-premise; reason trails the move ("to keep that square joined")	This 2 is the white square's last neighbor that isn't black, so it must be white to keep that square joined.
singles	src/games/singles/hint-text.ts:195	split	F	, so	fused	state	move-in-premise (hypothetical on ringed square)	Blacking out this 5 would cut some of the square off from the rest of the white region, so it must be white.
seismic	src/games/seismic/hint-text.ts:48	populate	E:setup	, so	none	action	engine text (populateText); reason after move	Start by penciling every candidate number into each empty cell, so there is something to cross out.
seismic	src/games/seismic/hint-text.ts:56	clean	E:setup	Now … :	none	action	colon; tectonic arm same shape	Now clear the easy ones: cross out any N already in the cell's area or within N cells of it in its row or column.
seismic	src/games/seismic/hint-text.ts:73	note/every	E:setup	, so	look	action	"here" ringed in premise	No number stands near enough to rule one out here yet, so pencil in every one.
seismic	src/games/seismic/hint-text.ts:75	note/some	E:setup	, so	look	action	move-in-premise (ringed cell in reach()); singular/plural arm	Only 2 and 4 aren't already in this cell's area or within reach along its row or column, so pencil them in.
seismic	src/games/seismic/hint-text.ts:80	singleton	F	, so	look	state	—	This area is a single cell, so it can only be 1.
seismic	src/games/seismic/hint-text.ts:83	naked	F	, so	look	state	engine text (narrateLatinReason single, engine/hint-text.ts:300)	Every other number has been ruled out in this cell, so it can only be 3.
seismic	src/games/seismic/hint-text.ts:87	regionsFull	F	, so	look	state	move-in-premise (ringed cell inside reach()); tectonic arm same shape	Every other number is already in this cell's area or within reach along its row or column, so it can only be 4.
seismic	src/games/seismic/hint-text.ts:90	hidden	F	, so	look	state	—	No other cell in the striped area can still be 3, so this cell must be 3.
seismic	src/games/seismic/hint-text.ts:97	cull	P	none	look	strike	continuation leg after a placement; tectonic arm (:98) same shape; follows (the reach rule) stated as look	The 3 just placed rules out 3 in its area and within 3 cells of it in its row and column [, so cross out those 3s].
seismic	src/games/seismic/hint-text.ts:121	starve	P	none	look	strike	move-in-premise (ringed cell(s) in premise); follows implicit (clash ⇒ this cell can't be n); tectonic arm same shape	The striped area can put its 3 only in line with this cell and within 3 cells of it [, so cross out this cell's 3].
rect	src/games/rect/hint-text.ts:28	line	F	, so	fused	state	—	No rectangle can cover both the outlined squares, so this edge between them must be a line.
rect	src/games/rect/hint-text.ts:40	fit/one	F	, so	look	state	—	A 1 needs no other square, so this square is its whole rectangle.
rect	src/games/rect/hint-text.ts:48	fit	F	: (reason after)	fused	state	conclusion first, reason after colon (reorderable: "Any other would …, so only this fits"); move-in-premise	Only this rectangle fits the 6: any other would run off the board, take in the clue or cross a line.
rect	src/games/rect/hint-text.ts:51	reach	F	, so … , and	look+follows	state	two conclusions joined by ", and"; wordy	No other clue can reach the square, so the 6 must cover it, and this rectangle is the only way it can.
rect	src/games/rect/hint-text.ts:54	overlap	F	, so … and	look+follows	state	—	Wherever the 4 goes, it covers the striped squares, so the 6 can't use them and fits only this rectangle.
rect	src/games/rect/hint-text.ts:66	starve	F	, so	fused	state	hypothetical premise	Anywhere else, the 6 would leave the clue no room or leave the square out of every rectangle, so it must take this rectangle.
net	src/games/net/hint-text.ts:218	turn/fitOnly	F	, so … :	look+follows	action	shape :194; colon-conclusion; move-in-premise (ringed tile is subject)	This corner must fit the wall and the outlined notes, so only one way fits: turn it.
net	src/games/net/hint-text.ts:218	turn/trapNoFit	F	, … , so … :	fused	action	shape :199; colon-conclusion; move-in-premise; trap() has 3 arms (several/dead-ends/one)	Lying across, this straight would close a loop through the striped squares, so only one way fits: turn it.
net	src/games/net/hint-text.ts:218	turn/fitTrapOne	F	, and, … , so … :	look+follows	action	shape :202; colon-conclusion; move-in-premise; wordy	This T must fit the wall, and, pointing up, right and down, it would seal off the striped squares, so only one way fits: turn it.
net	src/games/net/hint-text.ts:218	turn/fitTrapSeveral	F	, and … , so … :	look+follows	action	shape :203; colon-conclusion; move-in-premise	This T must fit the outlined notes, and any other way that fits would close a loop through some of the striped squares, so only one way fits: turn it.
net	src/games/net/hint-text.ts:227	lock/fitOnly	F	, so … :	look+follows	action	shape :194; colon-conclusion; move-in-premise	This straight must fit the wall, so it must stay across: lock it.
net	src/games/net/hint-text.ts:227	lock/trapNoFit	F	, … , so … :	fused	action	shape :199; colon-conclusion; move-in-premise	Pointing any other way, this corner would seal off the striped square, so it must stay as it is: lock it.
net	src/games/net/hint-text.ts:227	lock/fitTrapOne	F	, and, … , so … :	look+follows	action	shape :202; colon-conclusion; move-in-premise; wordy	This straight must fit the wall, and, standing upright, it would close a loop through the striped squares, so it must stay across: lock it.
net	src/games/net/hint-text.ts:227	lock/fitTrapSeveral	F	, and … , so … :	look+follows	action	shape :203; colon-conclusion; move-in-premise	This T must fit the outlined lock, and any other way that fits would seal off the striped squares, so it must stay as it is: lock it.
net	src/games/net/hint-text.ts:232	thenLock	E:continuation	:	none	action	move first then reason ("no other way fits"); follows a turn leg	Now lock this corner: no other way fits.
net	src/games/net/hint-text.ts:251	note-wire/fitOnly	F	, so … :	look+follows	action	shape :194; colon-conclusion	The outlined T must fit the wall and the outlined notes, so it must point right: note a wire across this side.
net	src/games/net/hint-text.ts:251	note-wire/trapNoFit	F	, … , so … :	fused	action	shape :199; colon-conclusion	Pointing any way but right, the outlined T would seal off some of the striped squares, so it must point right: note a wire across this side.
net	src/games/net/hint-text.ts:251	note-wire/fitTrapOne	F	, and, … , so … :	look+follows	action	shape :202; colon-conclusion; wordy	The outlined corner must fit the wall, and, pointing up and left, it would close a loop through the striped squares, so it must point right: note a wire across this side.
net	src/games/net/hint-text.ts:251	note-wire/fitTrapSeveral	F	, and … , so … :	look+follows	action	shape :203; colon-conclusion	The outlined T must fit the wall, and any way that fits but right would seal off …, so it must point right: note a wire across this side.
net	src/games/net/hint-text.ts:257	note-none/fitOnly	F	, so … :	look+follows	action	shape :194; colon-conclusion	The outlined corner must fit the outlined notes, so it can never point down: note no wire across this side.
net	src/games/net/hint-text.ts:257	note-none/trapNoFit	F	, … , so … :	fused	action	shape :199; colon-conclusion	Pointing down, the outlined dead end would join the striped dead end, which has no other wire, closing the two off from the rest, so it can never point down: note no wire across this side.
net	src/games/net/hint-text.ts:257	note-none/fitTrapOne	F	, and, … , so … :	look+follows	action	shape :202; colon-conclusion; wordy	The outlined straight must fit the wall, and, standing upright, it would close a loop through the striped squares, so it can never point down: note no wire across this side.
net	src/games/net/hint-text.ts:257	note-none/fitTrapSeveral	F	, and … , so … :	look+follows	action	shape :203; colon-conclusion	The outlined T must fit the wall, and any way that fits and points down would seal off …, so it can never point down: note no wire across this side.
crossing	src/games/crossing/hint-text.ts:89	onlyNumber/length	F	, and … , so	look+follows	state	—	This run is 4 squares long, and only one number in the list is 4 digits, so it must be 1234.
crossing	src/games/crossing/hint-text.ts:92	onlyNumber/used	F	, so … :	look+follows	state	colon-conclusion	Every other 3-digit number is already on the board, so none can go in this run: it must be 456.
crossing	src/games/crossing/hint-text.ts:96	onlyNumber/notes	F	, so	fused	state	"digits and notes" / "notes" arm same shape	Only one 3-digit number left fits the notes in this run, so it must be 456.
crossing	src/games/crossing/hint-text.ts:98	onlyNumber/digits	F	, so	fused	state	—	Only one 3-digit number left matches the digits already in this run, so it must be 456.
crossing	src/games/crossing/hint-text.ts:102	sharedDigit	F	, so	look	state	move-in-premise (ringed square in premise)	Every number that still fits this across run has a 7 in this square, so it must be 7.
crossing	src/games/crossing/hint-text.ts:115	crossRuns	F	; … , so	look+follows	state	move-in-premise; boundary at ";"	The across run's numbers leave this square only 3 or 7; those of the down run rule out all but 7, so it must be 7.
crossing	src/games/crossing/hint-text.ts:120	noteDigits	F	, so	look	action	move-in-premise	Every number that still fits this down run puts 3 or 7 in this square, so note them.
crossing	src/games/crossing/hint-text.ts:127	noteStrike	F	, so	look	action	move-in-premise; singular/plural arm same shape	No number that still fits this across run puts a 3 in this square, so rule it out.
inertia	src/games/inertia/hint-text.ts:87	collect/mines	F	, … :	fused	action	move-first (reorderable);sweep arm (extras or not) is an interpolated fragment	Slide north, the only way that doesn't run you onto a mine: it sweeps up two gems and then the gem.
inertia	src/games/inertia/hint-text.ts:90	collect/walls	F	: … , and	look	action	move-first (reorderable);the forcing reason (walls block every other direction) trails the payoff	Slide north: it sweeps up the gem, and walls block every other direction.
inertia	src/games/inertia/hint-text.ts:92	collect/free	R:goal	:	look+follows	action	move-first;premise is the measured consequence (sweep + stop clause), boundary at ", and"	Slide north: it sweeps up the gem, and the wall at the end brings you up short.
inertia	src/games/inertia/hint-text.ts:99	forced/mines	F	: … , because	fused	action	move-first;goal framing "Working on the gem:" before the move;reason after move	Working on the gem: slide north, because every other direction you can set off in runs you onto a mine.
inertia	src/games/inertia/hint-text.ts:100	forced/walls	F	: … , because	fused	action	move-first;goal framing;reason after move	Working on the gem: slide north, because walls block every other direction.
inertia	src/games/inertia/hint-text.ts:104	strands	R:danger	, but … :	look+follows	action	unrelated (says why the grab is bad, never why slide N is the answer);colon-conclusion	Sliding east grabs the gem, but you can't pick where you stop and it strands two gems: slide north.
inertia	src/games/inertia/hint-text.ts:110	declined	R:goal	: … . You could … but	look	action	two-sentences;move stated before its justification;justification is a hedge ("the route comes at it from another side")	Working on the gem: slide north. You could grab it from here, but the route comes at it from another side.
inertia	src/games/inertia/hint-text.ts:115	positioning/oneMore	R:goal	: … . … , and	look+follows	action	two-sentences;payoff stated after the move	Working on the gem: no slide from here reaches it. Slide north, and one more slide sweeps it up.
inertia	src/games/inertia/hint-text.ts:116	positioning/far	R:goal	: … . … to	look	action	two-sentences;heuristic move with purpose clause ("to work the ball round"), not narrowed but no "so" claimed	Working on the gem: no slide from here reaches it. Slide north to work the ball round toward it.
clusters	src/games/clusters/hint-text.ts:56	chain/dotOvercount	F	Suppose … : … , so	look+follows	state	reductio (look is a supposition);run arm n=1 vs n>1 is agreement only;move-in-premise (thisCell in supposition)	Suppose this cell were blue: cells 1 to 3 are then forced from it, and by 3 the dot would touch a second tile…, so this cell must be red.
clusters	src/games/clusters/hint-text.ts:59	chain/selfSurrounded	F	Suppose … : … , so	look+follows	state	reductio;move-in-premise	Suppose this cell were blue: cell 1 is then forced from it, and this very cell would be sealed off from every blue tile, so this cell must be red.
clusters	src/games/clusters/hint-text.ts:60	chain/selfReachTwo	F	Suppose … : … , so	look+follows	state	reductio;move-in-premise	Suppose this cell were blue: cells 1 and 2 are then forced from it, and by 2 this very cell could no longer touch two blue tiles, so this cell must be red.
clusters	src/games/clusters/hint-text.ts:62	chain/otherSurrounded	F	Suppose … : … , so	look+follows	state	reductio;move-in-premise	Suppose this cell were blue: cells 1 to 3 are then forced from it, and by 3 the tile would be sealed off from its own color, so this cell must be red.
clusters	src/games/clusters/hint-text.ts:63	chain/otherReachTwo	F	Suppose … : … , so	look+follows	state	reductio;move-in-premise	Suppose this cell were blue: …, and by 3 the tile could no longer touch two of its own color, so this cell must be red.
clusters	src/games/clusters/hint-text.ts:95	direct/selfSurrounded	F	. … , so	look+follows	state	two-sentences (boundary at first period);move-in-premise	Every neighbor of this cell is red. A blue tile here could never touch another blue tile, so it must be red.
clusters	src/games/clusters/hint-text.ts:100	direct/selfReachTwo	F	, but … , so	fused	state	supposition-led;move-in-premise	If this cell were blue, at most one neighbor could ever match it, but it needs to touch two, so it must be red.
clusters	src/games/clusters/hint-text.ts:105	direct/dotOvercount	F	, so	look	state	move-in-premise	The blue dot beside this cell already touches its one blue tile, so this cell must be red.
clusters	src/games/clusters/hint-text.ts:109	direct/otherSurrounded	F	, so	fused	state	supposition ("Painting … would");move-in-premise	Painting this cell blue would seal its outlined red neighbor off from every other red tile, so this cell must be red.
clusters	src/games/clusters/hint-text.ts:111	direct/otherReachTwo	F	, so	fused	state	supposition;move-in-premise	If this cell were blue, its outlined red neighbor could never touch two red tiles, so this cell must be red.
spokes	src/games/spokes/hint-text.ts:49	twoOnes	F	, so	fused	action	supposition ("Connecting … would");imperative where necessity voice is the convention	Connecting the outlined 1-hubs would strand them from the rest, so rule out this spoke.
spokes	src/games/spokes/hint-text.ts:54	saturation/one	F	, so	look	state		The outlined hub has only one free spoke left for its count, so this spoke must be a line.
spokes	src/games/spokes/hint-text.ts:55	saturation/many	F	, so	look	state		The outlined hub has just enough free spokes left for its count, so these spokes must all be lines.
spokes	src/games/spokes/hint-text.ts:58	exhaustion	F	, so … . 	look+follows	action	two-sentences (follows "none of its other spokes can be one", then a separate imperative);could-leave-to-board;wordy	The outlined hub already has all its lines, so none of its other spokes can be one. Rule out this spoke.
spokes	src/games/spokes/hint-text.ts:76	contradiction/asLine	F	, so	fused	action	supposition;4 consequence arms (over-fill/cross/strand outlined/strand a group) are fragments	Drawing this line would over-fill the outlined hub, so rule it out.
spokes	src/games/spokes/hint-text.ts:77	contradiction/asMark	F	, so	fused	state	supposition;same 4 consequence arms	Ruling this spoke out would strand the outlined hubs, so it must be a line.
spokes	src/games/spokes/hint-text.ts:89	continuation/line	E:continuation	And … too, for	none	state		And these must be lines too, for the outlined hub.
spokes	src/games/spokes/hint-text.ts:90	continuation/mark	E:continuation	And … too, for	none	action		And rule these out too, for the outlined hub.
galaxies	src/games/galaxies/hint-text.ts:65	dotTile	F	, so	fused	state	premise is the rule ("A galaxy covers the cells its dot sits on") rather than a board look;where arm (between/corner/touch) is a fragment	A galaxy covers the cells its dot sits on, so both these cells must belong to the black dot between them.
galaxies	src/games/galaxies/hint-text.ts:73	separate	F	, so … , and	look+follows	state	two conclusions chained (different galaxies, and a wall);points arm ("point at"/"go with") is a fragment	These two cells point at different dots, so they belong to different galaxies, and a wall must run between them.
galaxies	src/games/galaxies/hint-text.ts:88	mirrorWall/edge	F	; … , so	look+follows	state	pair arm (own partner vs partners) is a fragment	The cells are partners across the white dot; one meets the board's edge, so this wall must match it.
galaxies	src/games/galaxies/hint-text.ts:89	mirrorWall/inner	F	, so	look	state	pair arm fragment	The cells are partners across the white dot, so the outlined wall must be mirrored by this wall.
galaxies	src/games/galaxies/hint-text.ts:102	enclosed	F	, so	look	state	openings arm ("The only way out"/"Every way out") is a fragment;move-in-premise	Every way out of this cell leads into the galaxy, so it and its partner must belong to the ringed black dot.
galaxies	src/games/galaxies/hint-text.ts:108	soleOwner	F	:	look+follows	state	conclusion-first, reason after colon (reorderable: "any other dot mirrors…, so only the ringed dot…")	Only the ringed black dot can own this cell and its partner: any other dot mirrors it off the board or onto a dot.
galaxies	src/games/galaxies/hint-text.ts:114	onlyReach	F	, so	look	state	trailing evidence clause after the move ("whose reach the stripes show")	No other galaxy reaches this cell, so it must join the ringed black dot, whose reach the stripes show.
galaxies	src/games/galaxies/hint-text.ts:117	exclave	F	, so	look	state	move-in-premise	The cells can reach their ringed dot only through this cell, so it must be that dot's too.
towers	src/games/towers/hint-text.ts:63	fullLine/continues	E:continuation	, 	look	state		Continuing up the line from clue 4, height 3 can only sit here.
towers	src/games/towers/hint-text.ts:64	fullLine/first	F	, so … :	look+follows	state	colon-conclusion (look ", so" follows ":" move)	Clue 4 sees every tower in this line, so heights must climb 1, 2, … from the clue: height 2 can only sit here.
towers	src/games/towers/hint-text.ts:67	tallestNearest	F	, so … :	look+follows	state	colon-conclusion;wordy ("hiding the rest of its line")	Clue 1 sees one tower, so the tallest must stand next to it, hiding the rest of its line: height 5 can only sit here.
towers	src/games/towers/hint-text.ts:76	facing	F	, pinning … :	look+follows	state	colon-conclusion;participle as therefore-connective	These facing clues sum to one more than the grid size, pinning the tallest in their line: height 5 can only sit here.
towers	src/games/towers/hint-text.ts:83	lineFull	P	, so … . 	look+follows	strike	two-sentences;wordy;internal "so" before the engine's own ", so"	Clue 3 already sees all but one of its towers deeper in the line, so the cell nearest the clue must be tall enough… Height 2 is too short for that
towers	src/games/towers/hint-text.ts:88	lowerBound	P	; 	look+follows	strike		Clue 3 sees exactly 3 towers along its line; height 5 so near it would hide too many
towers	src/games/towers/hint-text.ts:91	arrangement	P	none	fused	strike	move-in-premise ("here")	No way for clue 3 to show exactly 3 towers along its line puts height 4 here
towers	src/games/towers/hint-text.ts:97	dup	P	none	look	strike	engine template placedRulesOut (src/engine/hint-text.ts:365) + where "from the other cells there"	The 3 just placed can't repeat in its row and column
towers	src/games/towers/hint-text.ts:103	single	F	, so	look	state		Every other height has been ruled out in this cell, so it can only be 4.
towers	src/games/towers/hint-text.ts:106	regionsFull	F	, so	look	state		This cell's row and column already hold every other height, so it can only be 4.
towers	src/games/towers/hint-text.ts:115	hiddenSingle	F	, since … , so	look+follows	state	wordy (move restates "can go in only this cell");reason after claim via "since"	In this row, height 4 can go in only this cell, since every other cell in the row rules it out, so it must be 4.
towers	src/games/towers/hint-text.ts:119	set	P	none	look	strike		The cells already account for a fixed set of heights that includes 3
towers	src/games/towers/hint-text.ts:129	forcing	P	, so … . If … ; if … . Either way,	look+follows	strike	engine template forcingChainPremise (src/engine/hint-text.ts:433);multi-sentence case split	Cell 1 is 3 or 4, and every numbered cell has just two heights left, so each forces the next. If cell 1 is 3, … Either way, 3 is ruled out here
towers	src/engine/hint-text.ts:121	populate (engine)	E:setup	, so	none	action	engine populateText("height") via candidate preset; ", so" states purpose	Start by penciling every candidate height into each empty cell, so there is something to cross out.
towers	src/engine/hint-text.ts:140	cleanObvious (engine)	E:setup	:	none	action	engine cleanObviousText("height","standing")	Now clear the easy ones: cross out any height already standing in each cell's row or column.
towers	src/engine/hint-text.ts:163	note/every (engine)	E:setup	, so	look	action	engine noteText, implicit reading	Nothing in this cell's row or column rules out a height yet, so pencil in every one.
towers	src/engine/hint-text.ts:165	note/some (engine)	E:setup	, so	look	action	engine noteText, implicit reading	Only 2 and 4 aren't already standing in this cell's row or column, so pencil them in.
rome	src/engine/hint-text.ts:121	populate (engine)	E:setup	, so	none	action	engine populateText("arrow","square")	Start by penciling every candidate arrow into each empty square, so there is something to cross out.
rome	src/engine/hint-text.ts:140	cleanObvious (engine)	E:setup	:	none	action	engine cleanObviousText("arrow","placed","area","square")	Now clear the easy ones: cross out any arrow already placed in each square's area.
rome	src/games/rome/hint-text.ts:77	note/every	E:setup	, so	look	action		Nothing in this square's area rules out a way it can point yet, so pencil in every one.
rome	src/games/rome/hint-text.ts:79	note/some	E:setup	, so	look	action		Of the ways this square can point, only up and left aren't already used in its area, so pencil them in.
rome	src/games/rome/hint-text.ts:84	single	F	, so	look	state		Every other arrow has been ruled out in this square, so it must point up.
rome	src/games/rome/hint-text.ts:89	regionsFull	F	, so	look	state		Every other way this square can point is already used in its area, so it must point up.
rome	src/games/rome/hint-text.ts:96	hiddenSingle	F	, and … , so	look+follows	state	rule then look ("must hold all four" / "only this square can still point up");move "so it does"	Its area must hold all four arrows, and only this square can still point up, so it does.
rome	src/games/rome/hint-text.ts:119	dup	P	none	look	strike	where "in it"	This area now has its up arrow
rome	src/games/rome/hint-text.ts:126	loop	P	none	look	strike	follows implicit (the arrow would close a loop);move-in-premise ("here")	Following the arrows from the square above leads back here
rome	src/games/rome/hint-text.ts:131	onlyHome	P	, and	look+follows	strike	struck "its other marks"	Its area must hold all four arrows, and only this square can still point up or left
rome	src/games/rome/hint-text.ts:138	reach	P	, and	look+follows	strike	struck "the rest";move-in-premise ("this mark")	Every square must reach a goal, and only this mark still leads into the group
rome	src/games/rome/hint-text.ts:151	opposite	P	:	look+follows	strike	boundary at the colon	Its left neighbor in this area can only point up or down: an arrow into it would close a loop or be the area's second left
rome	src/games/rome/hint-text.ts:156	pair	P	none	look	strike	where "of the area"	Two squares of this area must take up or down between them
rome	src/games/rome/hint-text.ts:105	conclude.strike/where	E:other	none	none	strike	game-supplied ending fragment the engine appends after ", so"	no other square in it can point up
rome	src/games/rome/hint-text.ts:106	conclude.strike/struck	E:other	none	none	strike	ending fragment	its other marks must go
rome	src/games/rome/hint-text.ts:107	conclude.strike/named	E:other	none	none	strike	ending fragment	that arrow must go
rome	src/games/rome/hint-text.ts:108	conclude.strike/default	E:other	none	none	strike	ending fragment	this square can't point up
rome	src/games/rome/hint-text.ts:110	conclude.place	E:other	none	none	state	ending fragment	this square must point up
rome	src/games/rome/hint-text.ts:111	conclude.keep	E:other	none	none	action	ending fragment	pencil in only up and left
separate	src/games/separate/hint-text.ts:51	sharedLetter/twoSquares	F	, so	fused	state	tail arm (every edge / the edge) is a fragment	These two As can't share a region, so the edge between them must be a wall.
separate	src/games/separate/hint-text.ts:54	sharedLetter/regionAndSquare	F	, so … :	look+follows	state	colon-conclusion	The region already holds an A, so the A can't join it: the edge between them must be a wall.
separate	src/games/separate/hint-text.ts:55	sharedLetter/twoRegions	F	, so … :	look+follows	state	colon-conclusion	The striped and outlined regions both hold an A, so they can't join: every edge between them must be a wall.
separate	src/games/separate/hint-text.ts:62	walledApart/many	F	, so	look	state		A wall already separates the striped and outlined regions, so every other edge between them must be a wall too.
separate	src/games/separate/hint-text.ts:63	walledApart/one	F	, so	look	state		A wall already separates the striped and outlined regions, so this edge between them must be a wall too.
separate	src/games/separate/hint-text.ts:71	onlyWay/lone	F	, so	look	state		This A is walled in on every side but one, so this edge can't be a wall.
separate	src/games/separate/hint-text.ts:73	onlyWay/region	F	, so	look	state		The region has 2 of its 4 squares and one square left to grow into, so this edge can't be a wall.
separate	src/engine/hint-text.ts:110	continuation/wall (engine edgeContinuation + say.basis)	E:continuation	…and … too, for	none	state		…and these edges must be walls too, for the same striped and outlined regions.
separate	src/engine/hint-text.ts:111	continuation/open (engine edgeContinuation + say.basis)	E:continuation	…and … either, for	none	state		…and this edge can't be a wall either, for the same region.
lightup	src/games/lightup/hint-text.ts:62	forcedLightSelf/area	F	: … . It	look+follows	state	two-sentences;follows stated before its look ("Nothing else can light" then "each … is ruled out")	Nothing else can light this dark square: each outlined square is ruled out or already lit. It must hold a bulb.
lightup	src/games/lightup/hint-text.ts:63	forcedLightSelf/noArea	F	: … . It	look+follows	state	two-sentences;follows before look	Nothing else can light this dark square: every square that could is ruled out or already lit. It must hold a bulb.
lightup	src/games/lightup/hint-text.ts:67	forcedLightOther/area	F	, so … :	look+follows	state	colon-conclusion	The other outlined squares can't light the dark square, so only this square can: it must hold a bulb.
lightup	src/games/lightup/hint-text.ts:68	forcedLightOther/noArea	F	, so	look	state	move-in-premise	Only this square can still light the dark square, so this one must hold a bulb.
lightup	src/games/lightup/hint-text.ts:73	clueSatisfied/zero	F	: … . So	look+follows	state	two-sentences;premise states the rule (help's job)	The clue is 0: no bulb may sit beside it. So its ringed free neighbors can't hold a bulb.
lightup	src/games/lightup/hint-text.ts:77	clueSatisfied/n	F	, so	look	state		The clue already has both its bulbs, so its other ringed free neighbors can't hold a bulb.
lightup	src/games/lightup/hint-text.ts:83	clueSaturated	F	, so	look	state	whole look+move lives inside one mark reference's words	The clue still needs 2 more bulbs and has exactly 2 free neighbors left, so each ringed one must be a bulb.
lightup	src/games/lightup/hint-text.ts:102	discountUnlit/darkInSet	F	, and … , so	look+follows	state	move-in-premise ("a bulb here");wordy	The dark square must be lit by itself or by one of the other outlined squares, and a bulb here would leave each of them lit or beside a full clue, so this square can't hold a bulb.
lightup	src/games/lightup/hint-text.ts:103	discountUnlit/other	F	, and … , so	look+follows	state	move-in-premise;wordy	One of the other outlined squares must light the dark square, and a bulb here would leave each of them lit or beside a full clue, so this square can't hold a bulb.
lightup	src/games/lightup/hint-text.ts:106	discountClue	F	, and … , so	look+follows	state	move-in-premise;wordy	The clue needs a bulb in one of the other outlined squares, and a bulb here would leave each of them lit…, so this square can't hold a bulb.
dominosa	src/games/dominosa/hint-text.ts:55	place/squareOnly	F	, so	look	state		The square has only one neighbor left to pair with, so the 2–5 domino must go here.
dominosa	src/games/dominosa/hint-text.ts:56	place/dominoOnly	F	, because … , so	fused	state	wordy ("because every other pairing is blocked" restates "only one spot left")	The 2–5 domino has only one spot left where it fits, because every other pairing is blocked, so it must go here.
dominosa	src/games/dominosa/hint-text.ts:62	barrierNext/evidence	E:continuation	either, for	none	state		This spot can't hold a domino either, for the same reason about the outlined squares.
dominosa	src/games/dominosa/hint-text.ts:63	barrierNext/bare	E:continuation	for	none	state		This spot can't hold a domino for the same reason.
dominosa	src/games/dominosa/hint-text.ts:76	barrier/squareSingleDomino	F	, so	look	state		The square can only be part of the 2–5 domino, so 2–5 can't sit here instead.
dominosa	src/games/dominosa/hint-text.ts:78	barrier/mustOverlap	F	, so	look	state	move-in-premise ("this pair")	Every remaining spot for the outlined domino overlaps this pair, so no other domino can go there.
dominosa	src/games/dominosa/hint-text.ts:80	barrier/localDuplicate	F	, but … , so	fused	state	supposition;move-in-premise;move "so it can't" (bare)	A 2–5 domino here would force a second 2–5 at the square, but each domino is used once, so it can't.
dominosa	src/games/dominosa/hint-text.ts:82	barrier/localDuplicate2	F	, so	fused	state	supposition;move-in-premise	A domino here would leave both squares needing one and the same domino, a duplicate, so it can't.
dominosa	src/games/dominosa/hint-text.ts:84	barrier/parity	F	, which … , so	fused	state	supposition;move-in-premise	A domino here would split the empty squares into odd-sized regions, which dominoes can't fill, so it can't go there.
dominosa	src/games/dominosa/hint-text.ts:86	barrier/set	F	, which … , so	look+follows	state		The squares can only hold one set of dominoes, which uses the 2–5, so 2–5 can't sit here as well.
bricks	src/games/bricks/hint-text.ts:34	three	F	, so	fused	state	supposition;move-in-premise	Shading this cell, next to the shaded bricks, would make three in a row, so it must stay clear.
bricks	src/games/bricks/hint-text.ts:45	unsupported/none	F	, so	fused	state	supposition;move-in-premise	Shading this cell would leave it with no shaded brick beneath it to rest on, so it must stay clear.
bricks	src/games/bricks/hint-text.ts:47	unsupported/one	F	, and … , so	look+follows	state	move-in-premise	The cell below this cell is all it could rest on, and it isn't a shaded brick, so it must stay clear.
bricks	src/games/bricks/hint-text.ts:48	unsupported/two	F	, and … , so	look+follows	state	move-in-premise	The cells below this cell are all it could rest on, and neither is a shaded brick, so it must stay clear.
bricks	src/games/bricks/hint-text.ts:55	overcount/zero	F	, so	look	state	move-in-premise	The outlined 0 beside this cell allows no shaded neighbors at all, so it must stay clear.
bricks	src/games/bricks/hint-text.ts:56	overcount/n	F	, so	fused	state	supposition;move-in-premise	Shading this cell would give the outlined 2 beside it more than its 2 shaded neighbors, so it must stay clear.
bricks	src/games/bricks/hint-text.ts:59	strandSupport	F	; … , so	look+follows	state	move-in-premise	The outlined shaded brick above rests only on this cell; clearing it would strand that brick, so it must be shaded.
bricks	src/games/bricks/hint-text.ts:63	undercount	F	, so	fused	state	move-in-premise	The outlined 2 beside this cell can't reach 2 shaded neighbors without it, so it must be shaded.
bricks	src/games/bricks/hint-text.ts:84	localBreak/bare	F	, so	fused	state	supposition;act/end arms (shade/clear) are fragments;unreachable per the file's own sweep note	Shading this cell would break the board, so it must stay clear.
bricks	src/games/bricks/hint-text.ts:85	localBreak/evidence	F	, so	fused	state	supposition;act/end arms are fragments	Clearing this cell would break the board at the cells, so it must be shaded.
undead	src/games/undead/hint-text.ts:64	populate	E:setup	, so	none	action	plain string (Narration.plain at index.ts:617)	Start by penciling every monster into each empty cell, so there is something to cross out.
undead	src/games/undead/hint-text.ts:68	sightlineNext	E:continuation	none	fused	state	conclusion is the verb 'rules … out … too'	The same sightline rules the ghost and zombie out of this cell too.
undead	src/games/undead/hint-text.ts:83	sightline	F	, so we must	fused	action	necessity-voice action mimicking engine strike ending ('we must cross out'); conclusion names 'them' via both/all three	This sightline's ${a} and ${b} leave no room for a ghost or vampire in this cell, so we must cross out both.
undead	src/games/undead/hint-text.ts:88	total	F	, so … ; we must	look+follows	action	boundary ', so no undecided cell can be one'; move joined by bare semicolon (weak rule-2 relation); two conclusions	No ghosts are left to place, so no undecided cell can be one; we must cross out the ghost in this cell.
undead	src/games/undead/hint-text.ts:93	onlyCells	F	, so	fused	state		Exactly as many cells can still hold a ghost as there are ghosts left to place, so this one can only be a ghost.
undead	src/games/undead/hint-text.ts:98	single	F	, so it can only be	look	state	move-in-premise (ringed cell named in look); conclusion restates premise (wordy); could-leave-to-board	Only the ghost is left uncrossed in this cell, so it can only be a ghost.
pattern	src/games/pattern/hint-text.ts:48	overlap/noSlack	F	, so	fused	state	optional ', given the outlined cells' inside premise	This row's run of 3 has nowhere to slide${, given the outlined cells}, so these cells must be black.
pattern	src/games/pattern/hint-text.ts:49	overlap/slack	F	, so	fused	state	optional ', given the outlined cells' inside premise	This row's run of 5 can slide only 2 cells${, given …}, so these cells must be black.
pattern	src/games/pattern/hint-text.ts:54	unreachable	F	, so	fused	state		No run of this column's clue can reach these cells, so they must be white.
pattern	src/games/pattern/hint-text.ts:57	lineEmpty	F	, so	look	state		This row has no clues, so these cells must be white.
pattern	src/games/pattern/hint-text.ts:61	intersection	F	, (concessive 'Whichever …,')	fused	state	no 'so': a concessive clause carries the force; black/white one shape	Whichever way this row's runs fit, these cells must be black.
netslide	src/games/netslide/hint-text.ts:98	next	E:continuation	Now	none	action	journey leg; optional ', where it belongs'	Now take it on to the ringed square, where it belongs.
netslide	src/games/netslide/hint-text.ts:102	rowFixed	R:goal	, so … :	look+follows	action	'so' concludes the one-axis constraint, then colon-conclusion for the goal move; move-in-premise (this corner in follows); tail ', where it belongs' | '(setting up)'	This row never slides, so only a column move can shift this corner: take it to the ringed square, where it belongs.
netslide	src/games/netslide/hint-text.ts:106	colFixed	R:goal	, so … :	look+follows	action	mirror of rowFixed; colon-conclusion; move-in-premise	This column never slides, so only a row move can shift this T-piece: take it to the two ringed squares (setting up).
netslide	src/games/netslide/hint-text.ts:115	besideSource/home	R:goal	; 	look	action	move stated before its reason (inverted, but reorderable: the setup arm below has the right order)	Take this corner to the ringed square; it belongs beside the source.
netslide	src/games/netslide/hint-text.ts:116	besideSource/setup	R:goal	: 	look	action	colon-conclusion; '(setting up)' marker	This corner belongs beside the source: take it to the two ringed squares (setting up).
netslide	src/games/netslide/hint-text.ts:119	working	R:goal	Working on …:	none	action	goal-prefix only, no reason; tail ', where it belongs' | '(setting up)'	Working on this cross: take it to the ringed square, where it belongs.
group	src/games/group/hint-text.ts:48	associativity	F	. Because …,	look+follows	state	two-sentences (look sentence, then 'Because <law>, <move>'); boundary at '. Because'	The grid shows A·B = c, B·C = d and (A·B)·C = e. Because (A·B)·C = A·(B·C) in any group, A·(B·C) must also be e.
group	src/games/group/hint-text.ts:64	identityFill	F	, so …, and	look+follows	state	productIsA/B arms same shape; look 'A·B = A shows B is the identity', follows 'so its row and column are just the labels', move joined by 'and'	A·B = A shows B is the identity, so its row and column are just the element labels, and this cell must be c.
group	src/games/group/hint-text.ts:70	identityFillNext	F	, so	look+follows	state	continuation leg that restates its reason; boundary ', whose row and column …'	The outlined product shows the identity, whose row and column are just the element labels, so this cell must be c.
group	src/games/group/hint-text.ts:83	identityElim	P	which rules … out (internal)	look+follows	strike	premise ends in its own conclusion 'which rules E out'; strike names 'its identity marks' (struck)	E·O = p, not O, and the identity would leave O unchanged, which rules E out[, so we must cross out its identity marks]
signpost	src/games/signpost/hint-text.ts:54	follows	F	, and …, so	look+follows	state	move-in-premise (ringed target is the subject of look); boundary ', and the 3's arrow points at it'	The 4 must come right after the 3, and the 3's arrow points at it, so the two must be linked.
signpost	src/games/signpost/hint-text.ts:57	onlyNext/alone	F	, so	look	state	move-in-premise (ringed square in look)	This arrow points only at the ringed square, so it must come next.
signpost	src/games/signpost/hint-text.ts:60	onlyNext/rivals	F	: (reason after)	look+follows	state	inverted: conclusion 'only the ringed one can follow' before its reason after the colon; reorderable; rival reasons list	Of the striped squares, only the ringed one can follow this arrow: the rest follow others or are in its chain.
signpost	src/games/signpost/hint-text.ts:65	onlyBefore/alone	F	, so	look	state	move-in-premise	Only this arrow points at the ringed square, so it must lead there.
signpost	src/games/signpost/hint-text.ts:69	onlyBefore/rivals	F	: (reason after)	look+follows	state	inverted: conclusion first, reason after colon; reorderable	Only this arrow can lead into the ringed square: the outlined ones already lead elsewhere.
fifteen	src/games/fifteen/hint-text.ts:31	goalHome	R:goal	Working on …:	none	action	goal-prefix (engine workingOn)	Working on tile 3: slide it into place.
fifteen	src/games/fifteen/hint-text.ts:35	goalCloser	R:goal	Working on …:	none	action	goal-prefix	Working on tile 3: slide it closer.
fifteen	src/games/fifteen/hint-text.ts:40	goalReposition	R:goal	Working on …:	none	action	goal-prefix; thin why (no stated relation of the move to the goal); could-leave-to-board	Working on tile 3: reposition it.
fifteen	src/games/fifteen/hint-text.ts:44	tileHome	R:goal	Working on …:	none	action	goal-prefix; the move serves a different tile than the goal	Working on tile 3: slide tile 7 into place.
fifteen	src/games/fifteen/hint-text.ts:48	outOfWay	R:goal	Working on …:	none	action	goal-prefix	Working on tile 3: slide tile 7 out of the way.
sixteen	src/games/sixteen/hint-text.ts:56	step/first	R:goal	Working on …:	none	action	goal-prefix; suffix ', its final spot' | '(setting up)'; onward preview ', then the other'	Working on tile 5: move it to the nearer ringed square, then the other, its final spot.
sixteen	src/games/sixteen/hint-text.ts:55	step/continues	E:continuation	Working on …:	none	action	journey leg 'move it on to'	Working on tile 5: move it on to the ringed square.
unruly	src/games/unruly/hint-text.ts:36	threes	F	, so … :	look+follows	state	colon-conclusion; move-in-premise (this cell in follows); boundary ', so this cell would make three'	The outlined cells are already black, so this cell would make three in a row: it must be white.
unruly	src/games/unruly/hint-text.ts:39	complete	F	, so	look	state	move covers the ringed cell and every other empty one in the line	This row already holds all of its black cells (outlined), so this cell and every other empty one in it must be white.
unruly	src/games/unruly/hint-text.ts:42	unique	F	, so … :	look+follows	state	colon-conclusion; move-in-premise; wordy	This row's whites all sit where the outlined column's do, so a white in this cell would make them identical: it must be black.
unruly	src/games/unruly/hint-text.ts:45	nearcomplete	F	, so	fused	state		The last white in this row fits only in an outlined cell without making three blacks, so this cell must be black.
mosaic	src/games/mosaic/hint-text.ts:32	met/zero	F	, so	look	state		This 0 allows no black squares, so these squares must be white.
mosaic	src/games/mosaic/hint-text.ts:33	met/has	F	, so	look	state		This 3 already has its 3 black squares, so these squares must be white.
mosaic	src/games/mosaic/hint-text.ts:39	needsAll/all	F	, so	look	state		This 9 needs all 9 of its squares black, so these squares must be black.
mosaic	src/games/mosaic/hint-text.ts:40	needsAll/some	F	, and …, so	look+follows	state	boundary ', and only 4 of its squares are not white'	This 4 needs 4 black squares, and only 4 of its squares are not white, so these squares must be black.
mathrax	src/games/mathrax/hint-text.ts:87	parity	P	means (internal)	fused	strike		The E clue means all four numbers around it are even[, so we must cross out 1 and 3]
mathrax	src/games/mathrax/hint-text.ts:93	paired	P	means (internal)	look+follows	strike	boundary at 'means'; op clause per clue type (add/differ/multiply/divide/equal)	The 7+ clue means this cell and the 3 across it add to 7[, so this cell must be 4]
mathrax	src/games/mathrax/hint-text.ts:98	open	P	none	fused	strike	named:true so strike says 'cross them out'	Nothing open across the 6x clue multiplies with 4 or 5 to make 6[, so we must cross them out]
engine	src/engine/hint-text.ts:110	edgeContinuation/wall	E:continuation	, for	look	state	reason after move ('for <basis>'); Palisade/Separate later legs	…and these edges must be walls too, for the same striped region.
engine	src/engine/hint-text.ts:111	edgeContinuation/open	E:continuation	, for	look	state	reason after move	…and this edge can't be a wall either, for clue 3.
engine	src/engine/hint-text.ts:121	populateText	E:setup	, so	none	action	plain string via candidate-hint.ts populateStep	Start by penciling every candidate number into each empty cell, so there is something to cross out.
engine	src/engine/hint-text.ts:140	cleanObviousText	E:setup	: 	none	action	rule folded into the ringed-note reference ('any number already placed in …')	Now clear the easy ones: cross out any number already placed in each cell's row or column.
engine	src/engine/hint-text.ts:163	noteText/every	F	, so	look	action	note leg (setup-like, implicit reading); move-in-premise	Nothing in this cell's row or column rules out a number yet, so pencil in every one.
engine	src/engine/hint-text.ts:165	noteText/only	F	, so	fused	action	note leg; move-in-premise	Only 2 and 4 aren't already placed in this cell's row or column, so pencil them in.
engine	src/engine/hint-text.ts:300	latin/single	F	, so it can only be	look	state	move-in-premise; Keen/Unequal/Group/Salad/Mathrax	Every other number has been ruled out in this cell, so it can only be 3.
engine	src/engine/hint-text.ts:302	latin/regionsFull	F	, so it can only be	look	state	move-in-premise	This cell's row and column already hold every other number, so it can only be 3.
engine	src/engine/hint-text.ts:311	latin/hiddenSingle	F	, since …, so	look+follows	state	move-in-premise; conclusion said twice ('can go in only this cell' … 'so it must be 3') wordy; inner since-clause inverted	In this row, 3 can go in only this cell, since every other cell in the row rules it out, so it must be 3.
engine	src/engine/hint-text.ts:331	latinPremise/dup	P	none	fused	strike	premise is placedRulesOut (hint-text.ts:365); where 'from the other cells there'	The 3 just placed can't repeat in its row and column[, so we must cross out the 3 from the other cells there]
engine	src/engine/hint-text.ts:338	latinPremise/set	P	none	fused	strike		The outlined cells already account for 2 and 5 between them[, so we must cross out 2 and 5]
engine	src/engine/hint-text.ts:433	latinPremise/forcing (forcingChainPremise)	P	, so … . If …; if … . Either way,	look+follows	strike	multi: three sentences with a case split; the premise ends in its own conclusion 'Either way, 3 is ruled out here'; Towers/Solo share it	Cell 1 is 3 or 5, and every numbered cell has just two numbers left, so each forces the next. If cell 1 is 3, …; if 5, cell 4 is driven to 3, in line with this cell. Either way, 3 is ruled out here[, so …]
engine	src/engine/candidate-plan.ts:1099	strike/list (conclude.strike hint-text.ts:234)	F	, so we must	from premise	strike	engine joiner premise + ending; value list, optional where	<premise>, so we must cross out 2 and 4[ from the other cells there].
engine	src/engine/candidate-plan.ts:1099	strike/named (hint-text.ts:233)	F	, so we must	from premise	strike	premise already named the values: 'cross them out'	<premise>, so we must cross them out.
engine	src/engine/candidate-plan.ts:1099	strike/struck (hint-text.ts:232)	F	, so we must	from premise	strike	game names the struck notes (Group 'its identity marks', Rome 'the rest')	<premise>, so we must cross out its identity marks.
engine	src/engine/candidate-plan.ts:997	fold/place (hint-text.ts:237)	F	, so	from premise	state	note-less cell folded to a placement; ending ringed as the cell	<premise>, so this cell must be 3.
engine	src/engine/candidate-plan.ts:997	fold/keep (hint-text.ts:240)	F	, so	from premise	action	note-less cell folded to the notes left	<premise>, so pencil in only 1 and 5.
